Workbook

Sheet Report
A1: Gender Reporting
A3: Count of Name | B3: Reporting Status
A4: Gender | B4: PG | C4: Home | D4: Grand Total
A5: Female | B5: 681 | C5: 54 | D5: 735 | E5: =D5/D7 -> 0.42584009
A6: Male | B6: 921 | C6: 70 | D6: 991 | E6: =D6/D7 -> 0.57415991
A7: Grand Total | B7: 1602 | C7: 124 | D7: 1726
B8: =B7/D7 -> 0.92815759 | C8: =C7/D7 -> 0.07184241 | D8: 1 | E8: 1
A12: Reporting Status | B12: PG
A13: Nodal Point Table | D13: Relatives Located in chennai table | G13: Floor wise Table
A14: Grouping | B14: Count of Name | D14: Relatives in Chennai | E14: Count of Name | G14: Floor | H14: Count of Name
A15: Kelambakkam | B15: 17 | D15: No | E15: 1346 | G15: 1 | H15: 461
A16: Sholinganallur | B16: 28 | D16: Yes | E16: 380 | G16: 2 | H16: 383
A17: Siruseri | B17: 1551 | D17: Grand Total | E17: 1726 | G17: 3 | H17: 327
A18: Vandalur | B18: 1 | G18: 4 | H18: 256
A19: Velachery | B19: 5 | G19: 5 | H19: 82
A20: Grand Total | B20: 1602 | D20: Reporting from Table | G20: 6 | H20: 5
D21: Reporting from | E21: Count of Name | G21: 7 | H21: 7
D22: Hostel | E22: 36 | G22: 8 | H22: 1
D23: Permanent Residence (House/Home) | E23: 58 | G23: 10 | H23: 6
D24: PG (Paying Guest) | E24: 1566 | G24: 11 | H24: 2
D25: Rented House/Apartment | E25: 54 | G25: 12 | H25: 1
D26: Relatives Residence | E26: 12 | G26: 13 | H26: 1
D27: Grand Total | E27: 1726 | G27: 17 | H27: 1
G28: 18 | H28: 2
G29: 19 | H29: 1
A30: Projection Candidates count until Dec-26 | G30: 21 | H30: 1
A31: Sep 2026 | B31: Oct 2026 | C31: Nov 2026 | D31: Dec 2026 | G31: 23 | H31: 2
A32: =COUNTIF(Base!J:J,"Sep 2026")+COUNTIF(Base!J:J,"Oct 2026")+COUNTIF(Base!J:J,"Nov 2026")+COUNTIF(Base!J:J,"Dec 2026")+40 -> 1766 | B32: =COUNTIF(Base!J:J,"Oct 2026")+COUNTIF(Base!J:J,"Nov 2026")+COUNTIF(Base!J:J,"Dec 2026")+40 -> 1414 | C32: =COUNTIF(Base!J:J,"Nov 2026")+COUNTIF(Base!J:J,"Dec 2026")+40 -> 971 | D32: =COUNTIF(Base!J:J,"Dec 2026")+40 -> 531 | G32: GF | H32: 187
G33: Grand Total | H33: 1726
A35: Zone | B35: Count of Name
A36: Amber | B36: 25
A37: Red | B37: 1586
A38: N/A | B38: 115
A39: Grand Total | B39: 1726
A42: Reporting Status | B42: PG
A44: Count of Name | B44: Release Month | C44: Gender
B45: Sep 2026 | D45: Sep 2026 Total | E45: Oct 2026 | G45: Oct 2026 Total | H45: Nov 2026 | J45: Nov 2026 Total | K45: Dec 2026 | M45: Dec 2026 Total | N45: Grand Total
A46: Zone | B46: Female | C46: Male | E46: Female | F46: Male | H46: Female | I46: Male | K46: Female | L46: Male
A47: Amber | B47: 4 | C47: 4 | D47: 8 | F47: 1 | G47: 1 | I47: 3 | J47: 3 | K47: 4 | L47: 2 | M47: 6 | N47: 18
A48: Red | B48: 134 | C48: 185 | D48: 319 | E48: 169 | F48: 252 | G48: 421 | H48: 176 | I48: 218 | J48: 394 | K48: 194 | L48: 256 | M48: 450 | N48: 1584
A49: Grand Total | B49: 138 | C49: 189 | D49: 327 | E49: 169 | F49: 253 | G49: 422 | H49: 176 | I49: 221 | J49: 397 | K49: 198 | L49: 258 | M49: 456 | N49: 1602
D66: Zone | E66: Sep 2026 | F66: Oct 2026 | G66: Nov 2026 | H66: Dec 2026 | I66: Grand Total
D67: Amber | E67: 18 | F67: 10 | G67: 9 | H67: 6 | I67: 18
D68: Red | E68: 1584 | F68: 1265 | G68: 844 | H68: 450 | I68: 1584
D69: Grand Total | E69: 1602 | F69: 1275 | G69: 853 | H69: 456 | I69: 1602

Sheet Sheet1
F14: Gender Reporting
F16: Count of Name | G16: Reporting Status
F17: Gender | G17: PG | H17: Home | I17: Grand Total
F18: Female | G18: 681 | H18: 54 | I18: 735 | J18: =I18/I20 -> 0.42584009
F19: Male | G19: 921 | H19: 70 | I19: 991 | J19: =I19/I20 -> 0.57415991
F20: Grand Total | G20: 1602 | H20: 124 | I20: 1726
G21: =G20/I20 -> 0.92815759 | H21: =H20/I20 -> 0.07184241
F25: Reporting Status | G25: PG
F26: Nodal Point Table
F27: Grouping | G27: Count of Name
F28: Kelambakkam | G28: 17
F29: Sholinganallur | G29: 28
F30: Siruseri | G30: 1551
F31: Vandalur | G31: 1
F32: Velachery | G32: 5
F33: Grand Total | G33: 1602
F41: Gender | G41: PG | H41: Home | I41: Total | J41: Percentage | M41: Nodal Point | N41: Count | P41: Zone | Q41: Sep 2026 | R41: Oct 2026 | S41: Nov 2026 | T41: Dec 2026 | U41: Total | W41: Zone/Release month | X41: Sep 2026 | Z41: Sep 2026 Total | AA41: Oct 2026 | AC41: Oct 2026 Total | AD41: Nov 2026 | AF41: Nov 2026 Total | AG41: Dec 2026 | AI41: Dec 2026 Total | AJ41: Grand Total
F42: Female | G42: 681 | H42: 54 | I42: 735 | J42: =I42/I44 -> 0.42584009 | M42: Kelambakkam | N42: 17 | P42: Amber | Q42: 8 | R42: 1 | S42: 3 | T42: 6 | U42: 18 | X42: Female | Y42: Male | AA42: Female | AB42: Male | AD42: Female | AE42: Male | AG42: Female | AH42: Male
F43: Male | G43: 921 | H43: 70 | I43: 991 | J43: =I43/I44 -> 0.57415991 | M43: Sholinganallur | N43: 28 | P43: Red | Q43: 319 | R43: 421 | S43: 394 | T43: 450 | U43: 1584 | W43: Amber | X43: 4 | Y43: 4 | Z43: 8 | AB43: 1 | AC43: 1 | AE43: 3 | AF43: 3 | AG43: 4 | AH43: 2 | AI43: 6 | AJ43: 18
F44: Total | G44: 1602 | H44: 124 | I44: 1726 | J44: 1 | M44: Siruseri | N44: 1551 | P44: Total | Q44: 327 | R44: 422 | S44: 397 | T44: 456 | U44: 1602 | W44: Red | X44: 134 | Y44: 185 | Z44: 319 | AA44: 169 | AB44: 252 | AC44: 421 | AD44: 176 | AE44: 218 | AF44: 394 | AG44: 194 | AH44: 256 | AI44: 450 | AJ44: 1584
F45: Percentage | G45: =G44/I44 -> 0.92815759 | H45: =H44/I44 -> 0.07184241 | I45: 1 | J45: NA | M45: Vandalur | N45: 1 | W45: Grand Total | X45: 138 | Y45: 189 | Z45: 327 | AA45: 169 | AB45: 253 | AC45: 422 | AD45: 176 | AE45: 221 | AF45: 397 | AG45: 198 | AH45: 258 | AI45: 456 | AJ45: 1602
G46: ` | M46: Velachery | N46: 5
M47: Total | N47: 1602

Sheet Base
A1: Associate Id | B1: Name | C1: DOJ | D1: Gender | E1: Joiners Type | F1: Joining Location | G1: Cohort Code | H1: Coach Name | I1: Revised End date | J1: Release Month | K1: Final Status | L1: Reporting Status | M1: Reporting from | N1: PG Name | O1: Floor | P1: Relatives in Chennai | Q1: Nearby location to board if in case any Emergency: | R1: Grouping | S1: Zone
A2: 2529534 | B2: =VLOOKUP(A2,File!$A:$J,2,FALSE) -> Dharanakumar V | C2: =VLOOKUP(A2,File!$A:$J,5,FALSE) -> 46245 | D2: =VLOOKUP(A2,File!$A:$J,3,FALSE) -> Male | E2: =VLOOKUP(A2,File!$A:$J,4,FALSE) -> FTE | F2: =VLOOKUP(A2,File!$A:$J,6,FALSE) -> Chennai | G2: =VLOOKUP(A2,File!$A:$J,7,FALSE) -> CIS26MCPT025 | H2: =VLOOKUP(A2,File!$A:$J,8,FALSE) -> Vignesh S | I2: =VLOOKUP(A2,File!$A:$J,9,FALSE) -> 46359 | J2: =VLOOKUP(A2,File!$A:$K,11,FALSE) -> Dec 2026 | K2: =VLOOKUP(A2,File!$A:$K,10,FALSE) -> In-Training | L2: Home | M2: =VLOOKUP(A2,Response!$A:$M,7,) -> Permanent Residence (House/Home) | N2: =VLOOKUP(A2,Response!$A:$M,8,) -> - | O2: =VLOOKUP(A2,Response!$A:$M,10,) -> 1 | P2: =VLOOKUP(A2,Response!$A:$M,12,) -> Yes | Q2: =VLOOKUP(A2,Response!$A:$M,11,) -> Karapakkam | S2: N/A
A3: 2531975 | B3: =VLOOKUP(A3,File!$A:$J,2,FALSE) -> Roslin Nihara M | C3: =VLOOKUP(A3,File!$A:$J,5,FALSE) -> 46254 | D3: =VLOOKUP(A3,File!$A:$J,3,FALSE) -> Female | E3: =VLOOKUP(A3,File!$A:$J,4,FALSE) -> FTE | F3: =VLOOKUP(A3,File!$A:$J,6,FALSE) -> Chennai | G3: =VLOOKUP(A3,File!$A:$J,7,FALSE) -> EPS26OSP011 | H3: =VLOOKUP(A3,File!$A:$J,8,FALSE) -> Gayathri Ramachandran | I3: =VLOOKUP(A3,File!$A:$J,9,FALSE) | J3: Dec 2026 | K3: =VLOOKUP(A3,File!$A:$K,10,FALSE) -> Training - ON Hold | L3: Home | M3: =VLOOKUP(A3,Response!$A:$M,7,) -> Permanent Residence (House/Home) | N3: =VLOOKUP(A3,Response!$A:$M,8,) | O3: =VLOOKUP(A3,Response!$A:$M,10,) -> GF | P3: =VLOOKUP(A3,Response!$A:$M,12,) -> Yes | Q3: =VLOOKUP(A3,Response!$A:$M,11,) -> RAMAPURAM | S3: N/A
A4: 2530216 | B4: =VLOOKUP(A4,File!$A:$J,2,FALSE) -> Lipika C | C4: =VLOOKUP(A4,File!$A:$J,5,FALSE) -> 46247 | D4: =VLOOKUP(A4,File!$A:$J,3,FALSE) -> Female | E4: =VLOOKUP(A4,File!$A:$J,4,FALSE) -> FTE | F4: =VLOOKUP(A4,File!$A:$J,6,FALSE) -> Chennai | G4: =VLOOKUP(A4,File!$A:$J,7,FALSE) -> EPS26OSPPRO001 | H4: =VLOOKUP(A4,File!$A:$J,8,FALSE) -> Gayathri Ramachandran | I4: =VLOOKUP(A4,File!$A:$J,9,FALSE) -> 46363 | J4: =VLOOKUP(A4,File!$A:$K,11,FALSE) -> Dec 2026 | K4: =VLOOKUP(A4,File!$A:$K,10,FALSE) -> In-Training | L4: PG | M4: =VLOOKUP(A4,Response!$A:$M,7,) -> PG (Paying Guest) | N4: =VLOOKUP(A4,Response!$A:$M,8,) -> Aura Nest Pg For Ladies | O4: =VLOOKUP(A4,Response!$A:$M,10,) -> 2 | P4: =VLOOKUP(A4,Response!$A:$M,12,) -> Yes | Q4: =VLOOKUP(A4,Response!$A:$M,11,) -> Egattur | R4: Siruseri | S4: Red
A5: 2521623 | B5: =VLOOKUP(A5,File!$A:$J,2,FALSE) -> Sana Sumera | C5: =VLOOKUP(A5,File!$A:$J,5,FALSE) -> 46212 | D5: =VLOOKUP(A5,File!$A:$J,3,FALSE) -> Female | E5: =VLOOKUP(A5,File!$A:$J,4,FALSE) -> FTE | F5: =VLOOKUP(A5,File!$A:$J,6,FALSE) -> Chennai | G5: =VLOOKUP(A5,File!$A:$J,7,FALSE) -> QEA26QEPT023 | H5: =VLOOKUP(A5,File!$A:$J,8,FALSE) -> Sweta Thoppil | I5: =VLOOKUP(A5,File!$A:$J,9,FALSE) -> 46314 | J5: =VLOOKUP(A5,File!$A:$K,11,FALSE) -> Oct 2026 | K5: =VLOOKUP(A5,File!$A:$K,10,FALSE) -> In-Training | L5: PG | M5: =VLOOKUP(A5,Response!$A:$M,7,) -> Hostel | N5: =VLOOKUP(A5,Response!$A:$M,8,) -> Aura Nest Pg For Ladies | O5: =VLOOKUP(A5,Response!$A:$M,10,) -> 2 | P5: =VLOOKUP(A5,Response!$A:$M,12,) -> No | Q5: =VLOOKUP(A5,Response!$A:$M,11,) -> Egattur | R5: Siruseri | S5: Red
A6: 2521079 | B6: =VLOOKUP(A6,File!$A:$J,2,FALSE) -> Nalamothu Rishith | C6: =VLOOKUP(A6,File!$A:$J,5,FALSE) -> 46210 | D6: =VLOOKUP(A6,File!$A:$J,3,FALSE) -> Male | E6: =VLOOKUP(A6,File!$A:$J,4,FALSE) -> FTE | F6: =VLOOKUP(A6,File!$A:$J,6,FALSE) -> Chennai | G6: =VLOOKUP(A6,File!$A:$J,7,FALSE) -> CIS26SN001 | H6: =VLOOKUP(A6,File!$A:$J,8,FALSE) -> Ashiya Begam S | I6: =VLOOKUP(A6,File!$A:$J,9,FALSE) -> 46281 | J6: =VLOOKUP(A6,File!$A:$K,11,FALSE) -> Sep 2026 | K6: =VLOOKUP(A6,File!$A:$K,10,FALSE) -> In-Training | L6: PG | M6: =VLOOKUP(A6,Response!$A:$M,7,) -> PG (Paying Guest) | N6: =VLOOKUP(A6,Response!$A:$M,8,) -> CNR GENTS PG BRANCH-1 | O6: =VLOOKUP(A6,Response!$A:$M,10,) -> 3 | P6: =VLOOKUP(A6,Response!$A:$M,12,) -> No | Q6: =VLOOKUP(A6,Response!$A:$M,11,) -> Siruseri | R6: Siruseri | S6: Red
A7: 2507506 | B7: =VLOOKUP(A7,File!$A:$J,2,FALSE) -> Rudra Naga Gani Varalakshmi Harika | C7: =VLOOKUP(A7,File!$A:$J,5,FALSE) -> 46142 | D7: =VLOOKUP(A7,File!$A:$J,3,FALSE) -> Female | E7: =VLOOKUP(A7,File!$A:$J,4,FALSE) -> FTE | F7: =VLOOKUP(A7,File!$A:$J,6,FALSE) -> Chennai | G7: =VLOOKUP(A7,File!$A:$J,7,FALSE) -> ADM26MF009 | H7: =VLOOKUP(A7,File!$A:$J,8,FALSE) -> Nithyakalyani Muthukumar | I7: =VLOOKUP(A7,File!$A:$J,9,FALSE) -> 46274 | J7: =VLOOKUP(A7,File!$A:$K,11,FALSE) -> Sep 2026 | K7: =VLOOKUP(A7,File!$A:$K,10,FALSE) -> In-Training-Remedial | L7: PG | M7: =VLOOKUP(A7,Response!$A:$M,7,) -> PG (Paying Guest) | N7: =VLOOKUP(A7,Response!$A:$M,8,) -> Dheekshith Ladies Pg. | O7: =VLOOKUP(A7,Response!$A:$M,10,) -> 2 | P7: =VLOOKUP(A7,Response!$A:$M,12,) -> No | Q7: =VLOOKUP(A7,Response!$A:$M,11,) -> Egattur | R7: Siruseri | S7: Red
A8: 2485951 | B8: =VLOOKUP(A8,File!$A:$J,2,FALSE) -> Chaitanya,Prakash Ghatbandhe | C8: =VLOOKUP(A8,File!$A:$J,5,FALSE) -> 46072 | D8: =VLOOKUP(A8,File!$A:$J,3,FALSE) -> Male | E8: =VLOOKUP(A8,File!$A:$J,4,FALSE) -> FTE | F8: =VLOOKUP(A8,File!$A:$J,6,FALSE) -> Chennai | G8: =VLOOKUP(A8,File!$A:$J,7,FALSE) -> QEA26QEPT023 | H8: =VLOOKUP(A8,File!$A:$J,8,FALSE) -> Sweta Thoppil | I8: =VLOOKUP(A8,File!$A:$J,9,FALSE) -> 46314 | J8: =VLOOKUP(A8,File!$A:$K,11,FALSE) -> Oct 2026 | K8: =VLOOKUP(A8,File!$A:$K,10,FALSE) -> In-Training | L8: PG | M8: =VLOOKUP(A8,Response!$A:$M,7,) -> PG (Paying Guest) | N8: =VLOOKUP(A8,Response!$A:$M,8,) -> Pasanga Paradise PG - Branch 1, Egattur | O8: =VLOOKUP(A8,Response!$A:$M,10,) -> 4 | P8: =VLOOKUP(A8,Response!$A:$M,12,) -> No | Q8: =VLOOKUP(A8,Response!$A:$M,11,) -> Egattur | R8: Siruseri | S8: Red
A9: 2521631 | B9: =VLOOKUP(A9,File!$A:$J,2,FALSE) -> B Likith Vardhan Reddy | C9: =VLOOKUP(A9,File!$A:$J,5,FALSE) -> 46212 | D9: =VLOOKUP(A9,File!$A:$J,3,FALSE) -> Male | E9: =VLOOKUP(A9,File!$A:$J,4,FALSE) -> FTE | F9: =VLOOKUP(A9,File!$A:$J,6,FALSE) -> Chennai | G9: =VLOOKUP(A9,File!$A:$J,7,FALSE) -> QEA26QEPT023 | H9: =VLOOKUP(A9,File!$A:$J,8,FALSE) -> Sweta Thoppil | I9: =VLOOKUP(A9,File!$A:$J,9,FALSE) -> 46314 | J9: =VLOOKUP(A9,File!$A:$K,11,FALSE) -> Oct 2026 | K9: =VLOOKUP(A9,File!$A:$K,10,FALSE) -> In-Training | L9: PG | M9: =VLOOKUP(A9,Response!$A:$M,7,) -> PG (Paying Guest) | N9: =VLOOKUP(A9,Response!$A:$M,8,) -> S S Gents Pg | O9: =VLOOKUP(A9,Response!$A:$M,10,) -> 4 | P9: =VLOOKUP(A9,Response!$A:$M,12,) -> No | Q9: =VLOOKUP(A9,Response!$A:$M,11,) -> Siruseri | R9: Siruseri | S9: Red
A10: 2523372 | B10: =VLOOKUP(A10,File!$A:$J,2,FALSE) -> Aditya Prabhakar Deshmukh | C10: =VLOOKUP(A10,File!$A:$J,5,FALSE) -> 46219 | D10: =VLOOKUP(A10,File!$A:$J,3,FALSE) -> Male | E10: =VLOOKUP(A10,File!$A:$J,4,FALSE) -> FTE | F10: =VLOOKUP(A10,File!$A:$J,6,FALSE) -> Chennai | G10: =VLOOKUP(A10,File!$A:$J,7,FALSE) -> CS26CS009 | H10: =VLOOKUP(A10,File!$A:$J,8,FALSE) -> Laksiya Vijayendran | I10: =VLOOKUP(A10,File!$A:$J,9,FALSE) -> 46309 | J10: =VLOOKUP(A10,File!$A:$K,11,FALSE) -> Oct 2026 | K10: =VLOOKUP(A10,File!$A:$K,10,FALSE) -> In-Training | L10: PG | M10: =VLOOKUP(A10,Response!$A:$M,7,) -> PG (Paying Guest) | N10: =VLOOKUP(A10,Response!$A:$M,8,) -> Soma Mens Stay | O10: =VLOOKUP(A10,Response!$A:$M,10,) -> GF | P10: =VLOOKUP(A10,Response!$A:$M,12,) -> Yes | Q10: =VLOOKUP(A10,Response!$A:$M,11,) -> Siruseri | R10: Siruseri | S10: Red
A11: 2533210 | B11: =VLOOKUP(A11,File!$A:$J,2,FALSE) -> Varsha Kodadi | C11: =VLOOKUP(A11,File!$A:$J,5,FALSE) -> 46259 | D11: =VLOOKUP(A11,File!$A:$J,3,FALSE) -> Female | E11: =VLOOKUP(A11,File!$A:$J,4,FALSE) -> FTE | F11: =VLOOKUP(A11,File!$A:$J,6,FALSE) -> Chennai | G11: =VLOOKUP(A11,File!$A:$J,7,FALSE) -> CIS26AT007 | H11: =VLOOKUP(A11,File!$A:$J,8,FALSE) -> Uma Venkatachalam | I11: =VLOOKUP(A11,File!$A:$J,9,FALSE) -> 46365 | J11: =VLOOKUP(A11,File!$A:$K,11,FALSE) -> Dec 2026 | K11: =VLOOKUP(A11,File!$A:$K,10,FALSE) -> In-Training | L11: PG | M11: =VLOOKUP(A11,Response!$A:$M,7,) -> PG (Paying Guest) | N11: =VLOOKUP(A11,Response!$A:$M,8,) -> UniQ PG | O11: =VLOOKUP(A11,Response!$A:$M,10,) -> 2 | P11: =VLOOKUP(A11,Response!$A:$M,12,) -> No | Q11: =VLOOKUP(A11,Response!$A:$M,11,) -> Egattur | R11: Siruseri | S11: Red
A12: 2531306 | B12: =VLOOKUP(A12,File!$A:$J,2,FALSE) -> Nishanthi K | C12: =VLOOKUP(A12,File!$A:$J,5,FALSE) -> 46252 | D12: =VLOOKUP(A12,File!$A:$J,3,FALSE) -> Female | E12: =VLOOKUP(A12,File!$A:$J,4,FALSE) -> FTE | F12: =VLOOKUP(A12,File!$A:$J,6,FALSE) -> Chennai | G12: =VLOOKUP(A12,File!$A:$J,7,FALSE) -> CIS26DWP030 | H12: =VLOOKUP(A12,File!$A:$J,8,FALSE) -> Prokriti Biswas | I12: =VLOOKUP(A12,File!$A:$J,9,FALSE) -> 46324 | J12: =VLOOKUP(A12,File!$A:$K,11,FALSE) -> Oct 2026 | K12: =VLOOKUP(A12,File!$A:$K,10,FALSE) -> In-Training | L12: Home | M12: =VLOOKUP(A12,Response!$A:$M,7,) -> Permanent Residence (House/Home) | N12: =VLOOKUP(A12,Response!$A:$M,8,) -> "X" Block | O12: =VLOOKUP(A12,Response!$A:$M,10,) -> 1 | P12: =VLOOKUP(A12,Response!$A:$M,12,) -> Yes | Q12: =VLOOKUP(A12,Response!$A:$M,11,) -> Ashok Piller | S12: N/A
A13: 2521700 | B13: =VLOOKUP(A13,File!$A:$J,2,FALSE) -> Megha Roy | C13: =VLOOKUP(A13,File!$A:$J,5,FALSE) -> 46212 | D13: =VLOOKUP(A13,File!$A:$J,3,FALSE) -> Female | E13: =VLOOKUP(A13,File!$A:$J,4,FALSE) -> FTE | F13: =VLOOKUP(A13,File!$A:$J,6,FALSE) -> Chennai | G13: =VLOOKUP(A13,File!$A:$J,7,FALSE) -> QEA26QEPT023 | H13: =VLOOKUP(A13,File!$A:$J,8,FALSE) -> Sweta Thoppil | I13: =VLOOKUP(A13,File!$A:$J,9,FALSE) -> 46314 | J13: =VLOOKUP(A13,File!$A:$K,11,FALSE) -> Oct 2026 | K13: =VLOOKUP(A13,File!$A:$K,10,FALSE) -> In-Training | L13: PG | M13: =VLOOKUP(A13,Response!$A:$M,7,) -> PG (Paying Guest) | N13: =VLOOKUP(A13,Response!$A:$M,8,) -> Sns Pg For Ladies | O13: =VLOOKUP(A13,Response!$A:$M,10,) -> 3 | P13: =VLOOKUP(A13,Response!$A:$M,12,) -> No | Q13: =VLOOKUP(A13,Response!$A:$M,11,) -> Egattur | R13: Siruseri | S13: Red
A14: 2521297 | B14: =VLOOKUP(A14,File!$A:$J,2,FALSE) -> Buela Sindhu Thirumalasetty | C14: =VLOOKUP(A14,File!$A:$J,5,FALSE) -> 46210 | D14: =VLOOKUP(A14,File!$A:$J,3,FALSE) -> Female | E14: =VLOOKUP(A14,File!$A:$J,4,FALSE) -> FTE | F14: =VLOOKUP(A14,File!$A:$J,6,FALSE) -> Chennai | G14: =VLOOKUP(A14,File!$A:$J,7,FALSE) -> SNBG26SN002 | H14: =VLOOKUP(A14,File!$A:$J,8,FALSE) -> Lawrance M | I14: =VLOOKUP(A14,File!$A:$J,9,FALSE) -> 46281 | J14: =VLOOKUP(A14,File!$A:$K,11,FALSE) -> Sep 2026 | K14: =VLOOKUP(A14,File!$A:$K,10,FALSE) -> In-Training | L14: PG | M14: =VLOOKUP(A14,Response!$A:$M,7,) -> PG (Paying Guest) | N14: =VLOOKUP(A14,Response!$A:$M,8,) -> 1/210a, Dr Ambedkar St, Egattur, Chennai, Tamil Nadu 600130 | O14: =VLOOKUP(A14,Response!$A:$M,10,) -> 3 | P14: =VLOOKUP(A14,Response!$A:$M,12,) -> No | Q14: =VLOOKUP(A14,Response!$A:$M,11,) -> Egattur | R14: Siruseri | S14: Red
A15: 2523419 | B15: =VLOOKUP(A15,File!$A:$J,2,FALSE) -> Uzma Jabeen Syed Raza Ali | C15: =VLOOKUP(A15,File!$A:$J,5,FALSE) -> 46219 | D15: =VLOOKUP(A15,File!$A:$J,3,FALSE) -> Female | E15: =VLOOKUP(A15,File!$A:$J,4,FALSE) -> FTE | F15: =VLOOKUP(A15,File!$A:$J,6,FALSE) -> Chennai | G15: =VLOOKUP(A15,File!$A:$J,7,FALSE) -> PG26JFR004 | H15: =VLOOKUP(A15,File!$A:$J,8,FALSE) -> Thomas Naveen. J | I15: =VLOOKUP(A15,File!$A:$J,9,FALSE) -> 46342 | J15: =VLOOKUP(A15,File!$A:$K,11,FALSE) -> Nov 2026 | K15: =VLOOKUP(A15,File!$A:$K,10,FALSE) -> In-Training | L15: PG | M15: =VLOOKUP(A15,Response!$A:$M,7,) -> PG (Paying Guest) | N15: =VLOOKUP(A15,Response!$A:$M,8,) -> 1/210a, SRS Luxury PG for Ladies Branch 2, Dr. Ambedkar Street, Egattur | O15: =VLOOKUP(A15,Response!$A:$M,10,) -> 2 | P15: =VLOOKUP(A15,Response!$A:$M,12,) -> No | Q15: =VLOOKUP(A15,Response!$A:$M,11,) -> Egattur | R15: Siruseri | S15: Red
A16: 2523379 | B16: =VLOOKUP(A16,File!$A:$J,2,FALSE) -> Abilash A | C16: =VLOOKUP(A16,File!$A:$J,5,FALSE) -> 46219 | D16: =VLOOKUP(A16,File!$A:$J,3,FALSE) -> Male | E16: =VLOOKUP(A16,File!$A:$J,4,FALSE) -> FTE | F16: =VLOOKUP(A16,File!$A:$J,6,FALSE) -> Chennai | G16: =VLOOKUP(A16,File!$A:$J,7,FALSE) -> PG26JFR004 | H16: =VLOOKUP(A16,File!$A:$J,8,FALSE) -> Thomas Naveen. J | I16: =VLOOKUP(A16,File!$A:$J,9,FALSE) -> 46342 | J16: =VLOOKUP(A16,File!$A:$K,11,FALSE) -> Nov 2026 | K16: =VLOOKUP(A16,File!$A:$K,10,FALSE) -> In-Training | L16: Home | M16: =VLOOKUP(A16,Response!$A:$M,7,) -> Rented House/Apartment | N16: =VLOOKUP(A16,Response!$A:$M,8,) -> 1/749, Maruthi Nagar, Perungudi, Chennai 600096 | O16: =VLOOKUP(A16,Response!$A:$M,10,) -> 1 | P16: =VLOOKUP(A16,Response!$A:$M,12,) -> Yes | Q16: =VLOOKUP(A16,Response!$A:$M,11,) -> Thoraipakkam | R16: Sholinganallur | S16: N/A
A17: 2521836 | B17: =VLOOKUP(A17,File!$A:$J,2,FALSE) -> Karan Saxena | C17: =VLOOKUP(A17,File!$A:$J,5,FALSE) -> 46212 | D17: =VLOOKUP(A17,File!$A:$J,3,FALSE) -> Male | E17: =VLOOKUP(A17,File!$A:$J,4,FALSE) -> FTE | F17: =VLOOKUP(A17,File!$A:$J,6,FALSE) -> Chennai | G17: =VLOOKUP(A17,File!$A:$J,7,FALSE) -> QEA26SD001 | H17: =VLOOKUP(A17,File!$A:$J,8,FALSE) -> Ajiesya D P | I17: =VLOOKUP(A17,File!$A:$J,9,FALSE) -> 46329 | J17: =VLOOKUP(A17,File!$A:$K,11,FALSE) -> Nov 2026 | K17: =VLOOKUP(A17,File!$A:$K,10,FALSE) -> In-Training | L17: Home | M17: =VLOOKUP(A17,Response!$A:$M,7,) -> Relatives Residence | N17: =VLOOKUP(A17,Response!$A:$M,8,) -> 102B Greenwood, Hiranandani, Egattur | O17: =VLOOKUP(A17,Response!$A:$M,10,) -> 1 | P17: =VLOOKUP(A17,Response!$A:$M,12,) -> Yes | Q17: =VLOOKUP(A17,Response!$A:$M,11,) -> Egattur | R17: Siruseri | S17: N/A
A18: 2532952 | B18: =VLOOKUP(A18,File!$A:$J,2,FALSE) -> Manendra Mallakuppam | C18: =VLOOKUP(A18,File!$A:$J,5,FALSE) -> 46259 | D18: =VLOOKUP(A18,File!$A:$J,3,FALSE) -> Male | E18: =VLOOKUP(A18,File!$A:$J,4,FALSE) -> FTE | F18: =VLOOKUP(A18,File!$A:$J,6,FALSE) -> Chennai | G18: =VLOOKUP(A18,File!$A:$J,7,FALSE) -> CIS26MBG004 | H18: =VLOOKUP(A18,File!$A:$J,8,FALSE) -> Kishorekumar P | I18: =VLOOKUP(A18,File!$A:$J,9,FALSE) -> 46367 | J18: =VLOOKUP(A18,File!$A:$K,11,FALSE) -> Dec 2026 | K18: =VLOOKUP(A18,File!$A:$K,10,FALSE) -> In-Training | L18: PG | M18: =VLOOKUP(A18,Response!$A:$M,7,) -> PG (Paying Guest) | N18: =VLOOKUP(A18,Response!$A:$M,8,) -> 105, Happy Homes Mens PG city park, Egatoor, Siruseri, Tamil Nadu 603103 | O18: =VLOOKUP(A18,Response!$A:$M,10,) -> 1 | P18: =VLOOKUP(A18,Response!$A:$M,12,) -> No | Q18: =VLOOKUP(A18,Response!$A:$M,11,) -> Egattur | R18: Siruseri | S18: Red
A19: 2529576 | B19: =VLOOKUP(A19,File!$A:$J,2,FALSE) -> Tharun B | C19: =VLOOKUP(A19,File!$A:$J,5,FALSE) -> 46245 | D19: =VLOOKUP(A19,File!$A:$J,3,FALSE) -> Male | E19: =VLOOKUP(A19,File!$A:$J,4,FALSE) -> FTE | F19: =VLOOKUP(A19,File!$A:$J,6,FALSE) -> Chennai | G19: =VLOOKUP(A19,File!$A:$J,7,FALSE) -> CIS26MCPT024 | H19: =VLOOKUP(A19,File!$A:$J,8,FALSE) -> Ashiya Begam S | I19: =VLOOKUP(A19,File!$A:$J,9,FALSE) -> 46359 | J19: =VLOOKUP(A19,File!$A:$K,11,FALSE) -> Dec 2026 | K19: =VLOOKUP(A19,File!$A:$K,10,FALSE) -> In-Training | L19: Home | M19: =VLOOKUP(A19,Response!$A:$M,7,) -> Rented House/Apartment | N19: =VLOOKUP(A19,Response!$A:$M,8,) -> 12/14 Rama rao garden 1st street royapettah chennai-14 | O19: =VLOOKUP(A19,Response!$A:$M,10,) -> GF | P19: =VLOOKUP(A19,Response!$A:$M,12,) -> Yes | Q19: =VLOOKUP(A19,Response!$A:$M,11,) -> Royapettah | R19: Central | S19: Amber
A20: 2521188 | B20: =VLOOKUP(A20,File!$A:$J,2,FALSE) -> Meghana S | C20: =VLOOKUP(A20,File!$A:$J,5,FALSE) -> 46210 | D20: =VLOOKUP(A20,File!$A:$J,3,FALSE) -> Female | E20: =VLOOKUP(A20,File!$A:$J,4,FALSE) -> FTE | F20: =VLOOKUP(A20,File!$A:$J,6,FALSE) -> Chennai | G20: =VLOOKUP(A20,File!$A:$J,7,FALSE) -> HPC26DN005 | H20: =VLOOKUP(A20,File!$A:$J,8,FALSE) -> Viveka Preethi | I20: =VLOOKUP(A20,File!$A:$J,9,FALSE) -> 46296 | J20: =VLOOKUP(A20,File!$A:$K,11,FALSE) -> Oct 2026 | K20: =VLOOKUP(A20,File!$A:$K,10,FALSE) -> In-Training | L20: Home | M20: =VLOOKUP(A20,Response!$A:$M,7,) -> Rented House/Apartment | N20: =VLOOKUP(A20,Response!$A:$M,8,) -> 1-285, Sonachalam street, Rajiv Gandhi salai, OMR, Chennai-600130 | O20: =VLOOKUP(A20,Response!$A:$M,10,) -> 2 | P20: =VLOOKUP(A20,Response!$A:$M,12,) -> No | Q20: =VLOOKUP(A20,Response!$A:$M,11,) -> Navalur | R20: Siruseri | S20: N/A
A21: 2523447 | B21: =VLOOKUP(A21,File!$A:$J,2,FALSE) -> Saravanan A | C21: =VLOOKUP(A21,File!$A:$J,5,FALSE) -> 46219 | D21: =VLOOKUP(A21,File!$A:$J,3,FALSE) -> Male | E21: =VLOOKUP(A21,File!$A:$J,4,FALSE) -> FTE | F21: =VLOOKUP(A21,File!$A:$J,6,FALSE) -> Chennai | G21: =VLOOKUP(A21,File!$A:$J,7,FALSE) -> CS26CS010 | H21: =VLOOKUP(A21,File!$A:$J,8,FALSE) -> Laksiya Vijayendran | I21: =VLOOKUP(A21,File!$A:$J,9,FALSE) -> 46314 | J21: =VLOOKUP(A21,File!$A:$K,11,FALSE) -> Oct 2026 | K21: =VLOOKUP(A21,File!$A:$K,10,FALSE) -> In-Training | L21: PG | M21: =VLOOKUP(A21,Response!$A:$M,7,) -> PG (Paying Guest) | N21: =VLOOKUP(A21,Response!$A:$M,8,) -> 13 A, Narayanan Gents PG, Srivijayaganapathy nagar, mayana salai, navalur - 600130 | O21: =VLOOKUP(A21,Response!$A:$M,10,) -> 3 | P21: =VLOOKUP(A21,Response!$A:$M,12,) -> No | Q21: =VLOOKUP(A21,Response!$A:$M,11,) -> Navalur | R21: Siruseri | S21: Red
A22: 2523416 | B22: =VLOOKUP(A22,File!$A:$J,2,FALSE) -> Balakumaran Bommudurai | C22: =VLOOKUP(A22,File!$A:$J,5,FALSE) -> 46219 | D22: =VLOOKUP(A22,File!$A:$J,3,FALSE) -> Male | E22: =VLOOKUP(A22,File!$A:$J,4,FALSE) -> FTE | F22: =VLOOKUP(A22,File!$A:$J,6,FALSE) -> Chennai | G22: =VLOOKUP(A22,File!$A:$J,7,FALSE) -> CS26CS009 | H22: =VLOOKUP(A22,File!$A:$J,8,FALSE) -> Laksiya Vijayendran | I22: =VLOOKUP(A22,File!$A:$J,9,FALSE) -> 46309 | J22: =VLOOKUP(A22,File!$A:$K,11,FALSE) -> Oct 2026 | K22: =VLOOKUP(A22,File!$A:$K,10,FALSE) -> In-Training | L22: Home | M22: =VLOOKUP(A22,Response!$A:$M,7,) -> Rented House/Apartment | N22: =VLOOKUP(A22,Response!$A:$M,8,) -> 14 Valluvar high road ,subash nagar,chromepet,600044 | O22: =VLOOKUP(A22,Response!$A:$M,10,) -> 1 | P22: =VLOOKUP(A22,Response!$A:$M,12,) -> Yes | Q22: =VLOOKUP(A22,Response!$A:$M,11,) -> Chromepet | R22: Thambaram | S22: N/A
A23: 2521255 | B23: =VLOOKUP(A23,File!$A:$J,2,FALSE) -> Vikil Reddy Vangala | C23: =VLOOKUP(A23,File!$A:$J,5,FALSE) -> 46210 | D23: =VLOOKUP(A23,File!$A:$J,3,FALSE) -> Male | E23: =VLOOKUP(A23,File!$A:$J,4,FALSE) -> FTE | F23: =VLOOKUP(A23,File!$A:$J,6,FALSE) -> Chennai | G23: =VLOOKUP(A23,File!$A:$J,7,FALSE) -> CS26CS007 | H23: =VLOOKUP(A23,File!$A:$J,8,FALSE) -> Lawrance M | I23: =VLOOKUP(A23,File!$A:$J,9,FALSE) -> 46272 | J23: =VLOOKUP(A23,File!$A:$K,11,FALSE) -> Sep 2026 | K23: =VLOOKUP(A23,File!$A:$K,10,FALSE) -> In-Training | L23: PG | M23: =VLOOKUP(A23,Response!$A:$M,7,) -> PG (Paying Guest) | N23: =VLOOKUP(A23,Response!$A:$M,8,) -> 1st Left , Sipcot IT park , city park layout, Plot no - 56P, Siruseri , Egattur , Tamilnadu 603103 | O23: =VLOOKUP(A23,Response!$A:$M,10,) -> 1 | P23: =VLOOKUP(A23,Response!$A:$M,12,) -> No | Q23: =VLOOKUP(A23,Response!$A:$M,11,) -> Siruseri | R23: Siruseri | S23: Red
A24: 2532911 | B24: =VLOOKUP(A24,File!$A:$J,2,FALSE) -> Mokshith Billakanti | C24: =VLOOKUP(A24,File!$A:$J,5,FALSE) -> 46259 | D24: =VLOOKUP(A24,File!$A:$J,3,FALSE) -> Male | E24: =VLOOKUP(A24,File!$A:$J,4,FALSE) -> FTE | F24: =VLOOKUP(A24,File!$A:$J,6,FALSE) -> Chennai | G24: =VLOOKUP(A24,File!$A:$J,7,FALSE) -> CIS26SN002 | H24: =VLOOKUP(A24,File!$A:$J,8,FALSE) -> Ashiya Begam S | I24: =VLOOKUP(A24,File!$A:$J,9,FALSE) -> 46358 | J24: =VLOOKUP(A24,File!$A:$K,11,FALSE) -> Dec 2026 | K24: =VLOOKUP(A24,File!$A:$K,10,FALSE) -> In-Training | L24: PG | M24: =VLOOKUP(A24,Response!$A:$M,7,) -> PG (Paying Guest) | N24: =VLOOKUP(A24,Response!$A:$M,8,) -> 1st Left, Sipcot It Park, City Park Layout, Plot No -56P, Siruseri, Egattur, TamilNadu 603103 | O24: =VLOOKUP(A24,Response!$A:$M,10,) -> 1 | P24: =VLOOKUP(A24,Response!$A:$M,12,) -> No | Q24: =VLOOKUP(A24,Response!$A:$M,11,) -> Siruseri | R24: Siruseri | S24: Red
... A33: 2524635 | B33: =VLOOKUP(A33,File!$A:$J,2,FALSE) -> Arunthava Raj A | C33: =VLOOKUP(A33,File!$A:$J,5,FALSE) -> 46224 | D33: =VLOOKUP(A33,File!$A:$J,3,FALSE) -> Male | E33: =VLOOKUP(A33,File!$A:$J,4,FALSE) -> FTE | F33: =VLOOKUP(A33,File!$A:$J,6,FALSE) -> Chennai | G33: =VLOOKUP(A33,File!$A:$J,7,FALSE) -> ADM26DFSA007 | H33: =VLOOKUP(A33,File!$A:$J,8,FALSE) -> Sweta Thoppil | I33: =VLOOKUP(A33,File!$A:$J,9,FALSE) -> 46336 | J33: =VLOOKUP(A33,File!$A:$K,11,FALSE) -> Nov 2026 | K33: =VLOOKUP(A33,File!$A:$K,10,FALSE) -> In-Training | L33: Home | M33: =VLOOKUP(A33,Response!$A:$M,7,) -> Rented House/Apartment | N33: =VLOOKUP(A33,Response!$A:$M,8,) -> 4/453, plot no 2 | O33: =VLOOKUP(A33,Response!$A:$M,10,) -> GF | P33: =VLOOKUP(A33,Response!$A:$M,12,) -> Yes | Q33: =VLOOKUP(A33,Response!$A:$M,11,) -> Thiruvanmiyur | R33: Thiruvanmiyur | S33: N/A
A34: 2519656 | B34: =VLOOKUP(A34,File!$A:$J,2,FALSE) -> Hajara Kamila M | C34: =VLOOKUP(A34,File!$A:$J,5,FALSE) -> 46205 | D34: =VLOOKUP(A34,File!$A:$J,3,FALSE) -> Female | E34: =VLOOKUP(A34,File!$A:$J,4,FALSE) -> FTE | F34: =VLOOKUP(A34,File!$A:$J,6,FALSE) -> Chennai | G34: =VLOOKUP(A34,File!$A:$J,7,FALSE) -> CIS26DWP021 | H34: =VLOOKUP(A34,File!$A:$J,8,FALSE) -> Laksiya Vijayendran | I34: =VLOOKUP(A34,File!$A:$J,9,FALSE) -> 46272 | J34: =VLOOKUP(A34,File!$A:$K,11,FALSE) -> Sep 2026 | K34: =VLOOKUP(A34,File!$A:$K,10,FALSE) -> In-Training | L34: Home | M34: =VLOOKUP(A34,Response!$A:$M,7,) -> Relatives Residence | N34: =VLOOKUP(A34,Response!$A:$M,8,) -> 42/78, 3rd main road, Venkateswara Nagar, Velachery. | O34: =VLOOKUP(A34,Response!$A:$M,10,) -> GF | P34: =VLOOKUP(A34,Response!$A:$M,12,) -> No | Q34: =VLOOKUP(A34,Response!$A:$M,11,) -> Velachery. | S34: N/A
A35: 2521118 | B35: =VLOOKUP(A35,File!$A:$J,2,FALSE) -> Sri Ram Sankar T S | C35: =VLOOKUP(A35,File!$A:$J,5,FALSE) -> 46210 | D35: =VLOOKUP(A35,File!$A:$J,3,FALSE) -> Male | E35: =VLOOKUP(A35,File!$A:$J,4,FALSE) -> FTE | F35: =VLOOKUP(A35,File!$A:$J,6,FALSE) -> Chennai | G35: =VLOOKUP(A35,File!$A:$J,7,FALSE) -> CIS26SN001 | H35: =VLOOKUP(A35,File!$A:$J,8,FALSE) -> Ashiya Begam S | I35: =VLOOKUP(A35,File!$A:$J,9,FALSE) -> 46303 | J35: =VLOOKUP(A35,File!$A:$K,11,FALSE) -> Oct 2026 | K35: =VLOOKUP(A35,File!$A:$K,10,FALSE) -> In-Training | L35: PG | M35: =VLOOKUP(A35,Response!$A:$M,7,) -> PG (Paying Guest) | N35: =VLOOKUP(A35,Response!$A:$M,8,) -> 4th Floor, Vishvas Professional Stays, Plot No 34B, City Park, Egattur, Chennai, Tamil Nadu - 603130. | O35: =VLOOKUP(A35,Response!$A:$M,10,) -> 4 | P35: =VLOOKUP(A35,Response!$A:$M,12,) -> Yes | Q35: =VLOOKUP(A35,Response!$A:$M,11,) -> Siruseri | R35: Siruseri | S35: Red
A36: 2529802 | B36: =VLOOKUP(A36,File!$A:$J,2,FALSE) -> Mulla Sai Nadha Swamy | C36: =VLOOKUP(A36,File!$A:$J,5,FALSE) -> 46245 | D36: =VLOOKUP(A36,File!$A:$J,3,FALSE) -> Male | E36: =VLOOKUP(A36,File!$A:$J,4,FALSE) -> FTE | F36: =VLOOKUP(A36,File!$A:$J,6,FALSE) -> Chennai | G36: =VLOOKUP(A36,File!$A:$J,7,FALSE) -> CIS26AZ001 | H36: =VLOOKUP(A36,File!$A:$J,8,FALSE) -> Ashiya Begam S | I36: =VLOOKUP(A36,File!$A:$J,9,FALSE) -> 46335 | J36: =VLOOKUP(A36,File!$A:$K,11,FALSE) -> Nov 2026 | K36: =VLOOKUP(A36,File!$A:$K,10,FALSE) -> In-Training | L36: PG | M36: =VLOOKUP(A36,Response!$A:$M,7,) -> PG (Paying Guest) | N36: =VLOOKUP(A36,Response!$A:$M,8,) -> 4th stree , Aadhilakshmi PG for gents ,Egattur, | O36: =VLOOKUP(A36,Response!$A:$M,10,) -> 4 | P36: =VLOOKUP(A36,Response!$A:$M,12,) -> No | Q36: =VLOOKUP(A36,Response!$A:$M,11,) -> Egattur | R36: Siruseri | S36: Red
A37: 2529606 | B37: =VLOOKUP(A37,File!$A:$J,2,FALSE) -> Mohamed Anish J | C37: =VLOOKUP(A37,File!$A:$J,5,FALSE) -> 46245 | D37: =VLOOKUP(A37,File!$A:$J,3,FALSE) -> Male | E37: =VLOOKUP(A37,File!$A:$J,4,FALSE) -> FTE | F37: =VLOOKUP(A37,File!$A:$J,6,FALSE) -> Chennai | G37: =VLOOKUP(A37,File!$A:$J,7,FALSE) -> CIS26MCPT021 | H37: =VLOOKUP(A37,File!$A:$J,8,FALSE) -> Uma Venkatachalam | I37: =VLOOKUP(A37,File!$A:$J,9,FALSE) -> 46364 | J37: =VLOOKUP(A37,File!$A:$K,11,FALSE) -> Dec 2026 | K37: =VLOOKUP(A37,File!$A:$K,10,FALSE) -> In-Training | L37: Home | M37: =VLOOKUP(A37,Response!$A:$M,7,) -> Relatives Residence | N37: =VLOOKUP(A37,Response!$A:$M,8,) -> 5/112 Annai Indira Nagar, Thoraipakkam ,Chennai | O37: =VLOOKUP(A37,Response!$A:$M,10,) -> GF | P37: =VLOOKUP(A37,Response!$A:$M,12,) -> Yes | Q37: =VLOOKUP(A37,Response!$A:$M,11,) -> Siruseri | R37: Siruseri | S37: N/A
A38: 2525028 | B38: =VLOOKUP(A38,File!$A:$J,2,FALSE) -> Sumit Vishwakarma | C38: =VLOOKUP(A38,File!$A:$J,5,FALSE) -> 46226 | D38: =VLOOKUP(A38,File!$A:$J,3,FALSE) -> Male | E38: =VLOOKUP(A38,File!$A:$J,4,FALSE) -> FTE | F38: =VLOOKUP(A38,File!$A:$J,6,FALSE) -> Chennai | G38: =VLOOKUP(A38,File!$A:$J,7,FALSE) -> ADM26ISMO010 | H38: =VLOOKUP(A38,File!$A:$J,8,FALSE) -> Thomas Naveen. J | I38: =VLOOKUP(A38,File!$A:$J,9,FALSE) -> 46301 | J38: =VLOOKUP(A38,File!$A:$K,11,FALSE) -> Oct 2026 | K38: =VLOOKUP(A38,File!$A:$K,10,FALSE) -> In-Training | L38: PG | M38: =VLOOKUP(A38,Response!$A:$M,7,) -> PG (Paying Guest) | N38: =VLOOKUP(A38,Response!$A:$M,8,) -> 503, Brospace Phoenix premium mens PG indra gandhi street navalur | O38: =VLOOKUP(A38,Response!$A:$M,10,) -> 5 | P38: =VLOOKUP(A38,Response!$A:$M,12,) -> Yes | Q38: =VLOOKUP(A38,Response!$A:$M,11,) -> Navalur | R38: Siruseri | S38: Red
A39: 2507421 | B39: =VLOOKUP(A39,File!$A:$J,2,FALSE) -> Sanjay Kumar E | C39: =VLOOKUP(A39,File!$A:$J,5,FALSE) -> 46142 | D39: =VLOOKUP(A39,File!$A:$J,3,FALSE) -> Male | E39: =VLOOKUP(A39,File!$A:$J,4,FALSE) -> FTE | F39: =VLOOKUP(A39,File!$A:$J,6,FALSE) -> Chennai | G39: =VLOOKUP(A39,File!$A:$J,7,FALSE) -> ISG26JSAAT002 | H39: =VLOOKUP(A39,File!$A:$J,8,FALSE) -> Ashiya Begam S | I39: =VLOOKUP(A39,File!$A:$J,9,FALSE) -> 46272 | J39: =VLOOKUP(A39,File!$A:$K,11,FALSE) -> Sep 2026 | K39: =VLOOKUP(A39,File!$A:$K,10,FALSE) -> In-Training-Remedial | L39: Home | M39: =VLOOKUP(A39,Response!$A:$M,7,) -> Permanent Residence (House/Home) | N39: =VLOOKUP(A39,Response!$A:$M,8,) -> 8A , manikandan 2nd street,porur | O39: =VLOOKUP(A39,Response!$A:$M,10,) -> GF | P39: =VLOOKUP(A39,Response!$A:$M,12,) -> Yes | Q39: =VLOOKUP(A39,Response!$A:$M,11,) -> porur | S39: N/A
A40: 2533081 | B40: =VLOOKUP(A40,File!$A:$J,2,FALSE) -> Guvvala Asreetha | C40: =VLOOKUP(A40,File!$A:$J,5,FALSE) -> 46259 | D40: =VLOOKUP(A40,File!$A:$J,3,FALSE) -> Female | E40: =VLOOKUP(A40,File!$A:$J,4,FALSE) -> FTE | F40: =VLOOKUP(A40,File!$A:$J,6,FALSE) -> Chennai | G40: =VLOOKUP(A40,File!$A:$J,7,FALSE) -> CIS26SN002 | H40: =VLOOKUP(A40,File!$A:$J,8,FALSE) -> Ashiya Begam S | I40: =VLOOKUP(A40,File!$A:$J,9,FALSE) -> 46358 | J40: =VLOOKUP(A40,File!$A:$K,11,FALSE) -> Dec 2026 | K40: =VLOOKUP(A40,File!$A:$K,10,FALSE) -> In-Training | L40: PG | M40: =VLOOKUP(A40,Response!$A:$M,7,) -> PG (Paying Guest) | N40: =VLOOKUP(A40,Response!$A:$M,8,) -> a | O40: =VLOOKUP(A40,Response!$A:$M,10,) -> 1 | P40: =VLOOKUP(A40,Response!$A:$M,12,) -> Yes | Q40: =VLOOKUP(A40,Response!$A:$M,11,) -> Siruseri | R40: Siruseri | S40: Red
A41: 2529597 | B41: =VLOOKUP(A41,File!$A:$J,2,FALSE) -> Kandula Siva Pratap | C41: =VLOOKUP(A41,File!$A:$J,5,FALSE) -> 46245 | D41: =VLOOKUP(A41,File!$A:$J,3,FALSE) -> Male | E41: =VLOOKUP(A41,File!$A:$J,4,FALSE) -> FTE | F41: =VLOOKUP(A41,File!$A:$J,6,FALSE) -> Chennai | G41: =VLOOKUP(A41,File!$A:$J,7,FALSE) -> CIS26MCPT026 | H41: =VLOOKUP(A41,File!$A:$J,8,FALSE) -> Mohamed Harish | I41: =VLOOKUP(A41,File!$A:$J,9,FALSE) -> 46364 | J41: =VLOOKUP(A41,File!$A:$K,11,FALSE) -> Dec 2026 | K41: =VLOOKUP(A41,File!$A:$K,10,FALSE) -> In-Training | L41: PG | M41: =VLOOKUP(A41,Response!$A:$M,7,) -> PG (Paying Guest) | N41: =VLOOKUP(A41,Response!$A:$M,8,) -> AADHI LAKSHMI PG FOR GENTS , Egattur | O41: =VLOOKUP(A41,Response!$A:$M,10,) -> 2 | P41: =VLOOKUP(A41,Response!$A:$M,12,) -> No | Q41: =VLOOKUP(A41,Response!$A:$M,11,) -> Egattur | R41: Siruseri | S41: Red
A42: 2531818 | B42: =VLOOKUP(A42,File!$A:$J,2,FALSE) -> Ashish Sriniwas Prasad | C42: =VLOOKUP(A42,File!$A:$J,5,FALSE) -> 46254 | D42: =VLOOKUP(A42,File!$A:$J,3,FALSE) -> Male | E42: =VLOOKUP(A42,File!$A:$J,4,FALSE) -> FTE | F42: =VLOOKUP(A42,File!$A:$J,6,FALSE) -> Chennai | G42: =VLOOKUP(A42,File!$A:$J,7,FALSE) -> CS26CS012 | H42: =VLOOKUP(A42,File!$A:$J,8,FALSE) -> Laksiya Vijayendran | I42: =VLOOKUP(A42,File!$A:$J,9,FALSE) -> 46343 | J42: =VLOOKUP(A42,File!$A:$K,11,FALSE) -> Nov 2026 | K42: =VLOOKUP(A42,File!$A:$K,10,FALSE) -> In-Training | L42: PG | M42: =VLOOKUP(A42,Response!$A:$M,7,) -> PG (Paying Guest) | N42: =VLOOKUP(A42,Response!$A:$M,8,) -> AADHI LAKSHMI PG FOR GENTS , Egattur | O42: =VLOOKUP(A42,Response!$A:$M,10,) -> 6 | P42: =VLOOKUP(A42,Response!$A:$M,12,) -> No | Q42: =VLOOKUP(A42,Response!$A:$M,11,) -> Siruseri | R42: Siruseri | S42: Red
A43: 2529630 | B43: =VLOOKUP(A43,File!$A:$J,2,FALSE) -> Prashant Dhanaji Narale | C43: =VLOOKUP(A43,File!$A:$J,5,FALSE) -> 46245 | D43: =VLOOKUP(A43,File!$A:$J,3,FALSE) -> Male | E43: =VLOOKUP(A43,File!$A:$J,4,FALSE) -> FTE | F43: =VLOOKUP(A43,File!$A:$J,6,FALSE) -> Chennai | G43: =VLOOKUP(A43,File!$A:$J,7,FALSE) -> CIS26MCPT024 | H43: =VLOOKUP(A43,File!$A:$J,8,FALSE) -> Ashiya Begam S | I43: =VLOOKUP(A43,File!$A:$J,9,FALSE) -> 46359 | J43: =VLOOKUP(A43,File!$A:$K,11,FALSE) -> Dec 2026 | K43: =VLOOKUP(A43,File!$A:$K,10,FALSE) -> In-Training | L43: PG | M43: =VLOOKUP(A43,Response!$A:$M,7,) -> PG (Paying Guest) | N43: =VLOOKUP(A43,Response!$A:$M,8,) -> AADHI LAKSHMI PG FOR GENTS , Egattur | O43: =VLOOKUP(A43,Response!$A:$M,10,) -> 1 | P43: =VLOOKUP(A43,Response!$A:$M,12,) -> No | Q43: =VLOOKUP(A43,Response!$A:$M,11,) -> Siruseri | R43: Siruseri | S43: Red
A44: 2533170 | B44: =VLOOKUP(A44,File!$A:$J,2,FALSE) -> Prem Sai Adigopula | C44: =VLOOKUP(A44,File!$A:$J,5,FALSE) -> 46259 | D44: =VLOOKUP(A44,File!$A:$J,3,FALSE) -> Male | E44: =VLOOKUP(A44,File!$A:$J,4,FALSE) -> FTE | F44: =VLOOKUP(A44,File!$A:$J,6,FALSE) -> Chennai | G44: =VLOOKUP(A44,File!$A:$J,7,FALSE) -> CIS26MBG006 | H44: =VLOOKUP(A44,File!$A:$J,8,FALSE) -> Angel Maria Faustina Gomez | I44: =VLOOKUP(A44,File!$A:$J,9,FALSE) -> 46367 | J44: =VLOOKUP(A44,File!$A:$K,11,FALSE) -> Dec 2026 | K44: =VLOOKUP(A44,File!$A:$K,10,FALSE) -> In-Training | L44: PG | M44: =VLOOKUP(A44,Response!$A:$M,7,) -> PG (Paying Guest) | N44: =VLOOKUP(A44,Response!$A:$M,8,) -> AADHI LAKSHMI PG FOR GENTS , Egattur | O44: =VLOOKUP(A44,Response!$A:$M,10,) -> 1 | P44: =VLOOKUP(A44,Response!$A:$M,12,) -> No | Q44: =VLOOKUP(A44,Response!$A:$M,11,) -> Siruseri | R44: Siruseri | S44: Red
A45: 2531848 | B45: =VLOOKUP(A45,File!$A:$J,2,FALSE) -> Jathin Kumar Sahu | C45: =VLOOKUP(A45,File!$A:$J,5,FALSE) -> 46254 | D45: =VLOOKUP(A45,File!$A:$J,3,FALSE) -> Male | E45: =VLOOKUP(A45,File!$A:$J,4,FALSE) -> FTE | F45: =VLOOKUP(A45,File!$A:$J,6,FALSE) -> Chennai | G45: =VLOOKUP(A45,File!$A:$J,7,FALSE) -> CS26CS012 | H45: =VLOOKUP(A45,File!$A:$J,8,FALSE) -> Laksiya Vijayendran | I45: =VLOOKUP(A45,File!$A:$J,9,FALSE) -> 46343 | J45: =VLOOKUP(A45,File!$A:$K,11,FALSE) -> Nov 2026 | K45: =VLOOKUP(A45,File!$A:$K,10,FALSE) -> In-Training | L45: PG | M45: =VLOOKUP(A45,Response!$A:$M,7,) -> PG (Paying Guest) | N45: =VLOOKUP(A45,Response!$A:$M,8,) -> AADHI LAKSHMI PG FOR GENTS , Egattur | O45: =VLOOKUP(A45,Response!$A:$M,10,) -> 4 | P45: =VLOOKUP(A45,Response!$A:$M,12,) -> No | Q45: =VLOOKUP(A45,Response!$A:$M,11,) -> Siruseri | R45: Siruseri | S45: Red
A46: 2529565 | B46: =VLOOKUP(A46,File!$A:$J,2,FALSE) -> Yashas M | C46: =VLOOKUP(A46,File!$A:$J,5,FALSE) -> 46245 | D46: =VLOOKUP(A46,File!$A:$J,3,FALSE) -> Male | E46: =VLOOKUP(A46,File!$A:$J,4,FALSE) -> FTE | F46: =VLOOKUP(A46,File!$A:$J,6,FALSE) -> Chennai | G46: =VLOOKUP(A46,File!$A:$J,7,FALSE) -> CIS26MCPT024 | H46: =VLOOKUP(A46,File!$A:$J,8,FALSE) -> Ashiya Begam S | I46: =VLOOKUP(A46,File!$A:$J,9,FALSE) -> 46359 | J46: =VLOOKUP(A46,File!$A:$K,11,FALSE) -> Dec 2026 | K46: =VLOOKUP(A46,File!$A:$K,10,FALSE) -> In-Training | L46: PG | M46: =VLOOKUP(A46,Response!$A:$M,7,) -> PG (Paying Guest) | N46: =VLOOKUP(A46,Response!$A:$M,8,) -> AADHI LAKSHMI PG FOR GENTS , Egattur | O46: =VLOOKUP(A46,Response!$A:$M,10,) -> 2 | P46: =VLOOKUP(A46,Response!$A:$M,12,) -> No | Q46: =VLOOKUP(A46,Response!$A:$M,11,) -> Egattur | R46: Siruseri | S46: Red
A47: 2531832 | B47: =VLOOKUP(A47,File!$A:$J,2,FALSE) -> Lokesh Rajmal Thakare | C47: =VLOOKUP(A47,File!$A:$J,5,FALSE) -> 46254 | D47: =VLOOKUP(A47,File!$A:$J,3,FALSE) -> Male | E47: =VLOOKUP(A47,File!$A:$J,4,FALSE) -> FTE | F47: =VLOOKUP(A47,File!$A:$J,6,FALSE) -> Chennai | G47: =VLOOKUP(A47,File!$A:$J,7,FALSE) -> CS26CS012 | H47: =VLOOKUP(A47,File!$A:$J,8,FALSE) -> Laksiya Vijayendran | I47: =VLOOKUP(A47,File!$A:$J,9,FALSE) -> 46343 | J47: =VLOOKUP(A47,File!$A:$K,11,FALSE) -> Nov 2026 | K47: =VLOOKUP(A47,File!$A:$K,10,FALSE) -> In-Training | L47: PG | M47: =VLOOKUP(A47,Response!$A:$M,7,) -> PG (Paying Guest) | N47: =VLOOKUP(A47,Response!$A:$M,8,) -> AADHI LAKSHMI PG FOR GENTS , Egattur | O47: =VLOOKUP(A47,Response!$A:$M,10,) -> 4 | P47: =VLOOKUP(A47,Response!$A:$M,12,) -> No | Q47: =VLOOKUP(A47,Response!$A:$M,11,) -> Siruseri | R47: Siruseri | S47: Red
A48: 2529611 | B48: =VLOOKUP(A48,File!$A:$J,2,FALSE) -> Manikantareddy Muppidi | C48: =VLOOKUP(A48,File!$A:$J,5,FALSE) -> 46245 | D48: =VLOOKUP(A48,File!$A:$J,3,FALSE) -> Male | E48: =VLOOKUP(A48,File!$A:$J,4,FALSE) -> FTE | F48: =VLOOKUP(A48,File!$A:$J,6,FALSE) -> Chennai | G48: =VLOOKUP(A48,File!$A:$J,7,FALSE) -> CIS26MCPT021 | H48: =VLOOKUP(A48,File!$A:$J,8,FALSE) -> Uma Venkatachalam | I48: =VLOOKUP(A48,File!$A:$J,9,FALSE) -> 46364 | J48: =VLOOKUP(A48,File!$A:$K,11,FALSE) -> Dec 2026 | K48: =VLOOKUP(A48,File!$A:$K,10,FALSE) -> In-Training | L48: PG | M48: =VLOOKUP(A48,Response!$A:$M,7,) -> PG (Paying Guest) | N48: =VLOOKUP(A48,Response!$A:$M,8,) -> AADHI LAKSHMI PG FOR GENTS , Egattur | O48: =VLOOKUP(A48,Response!$A:$M,10,) -> 2 | P48: =VLOOKUP(A48,Response!$A:$M,12,) -> No | Q48: =VLOOKUP(A48,Response!$A:$M,11,) -> Siruseri | R48: Siruseri | S48: Red
A49: 2533152 | B49: =VLOOKUP(A49,File!$A:$J,2,FALSE) -> Shaik Irfan | C49: =VLOOKUP(A49,File!$A:$J,5,FALSE) -> 46259 | D49: =VLOOKUP(A49,File!$A:$J,3,FALSE) -> Male | E49: =VLOOKUP(A49,File!$A:$J,4,FALSE) -> FTE | F49: =VLOOKUP(A49,File!$A:$J,6,FALSE) -> Chennai | G49: =VLOOKUP(A49,File!$A:$J,7,FALSE) -> CIS26MBG006 | H49: =VLOOKUP(A49,File!$A:$J,8,FALSE) -> Angel Maria Faustina Gomez | I49: =VLOOKUP(A49,File!$A:$J,9,FALSE) -> 46367 | J49: =VLOOKUP(A49,File!$A:$K,11,FALSE) -> Dec 2026 | K49: =VLOOKUP(A49,File!$A:$K,10,FALSE) -> In-Training | L49: PG | M49: =VLOOKUP(A49,Response!$A:$M,7,) -> PG (Paying Guest) | N49: =VLOOKUP(A49,Response!$A:$M,8,) -> AADHI LAKSHMI PG FOR GENTS , Egattur | O49: =VLOOKUP(A49,Response!$A:$M,10,) -> 1 | P49: =VLOOKUP(A49,Response!$A:$M,12,) -> No | Q49: =VLOOKUP(A49,Response!$A:$M,11,) -> Siruseri | R49: Siruseri | S49: Red
A50: 2533154 | B50: =VLOOKUP(A50,File!$A:$J,2,FALSE) -> Bommisetti Mahendra | C50: =VLOOKUP(A50,File!$A:$J,5,FALSE) -> 46259 | D50: =VLOOKUP(A50,File!$A:$J,3,FALSE) -> Male | E50: =VLOOKUP(A50,File!$A:$J,4,FALSE) -> FTE | F50: =VLOOKUP(A50,File!$A:$J,6,FALSE) -> Chennai | G50: =VLOOKUP(A50,File!$A:$J,7,FALSE) -> CIS26MBG005 | H50: =VLOOKUP(A50,File!$A:$J,8,FALSE) -> Angel Maria Faustina Gomez | I50: =VLOOKUP(A50,File!$A:$J,9,FALSE) -> 46367 | J50: =VLOOKUP(A50,File!$A:$K,11,FALSE) -> Dec 2026 | K50: =VLOOKUP(A50,File!$A:$K,10,FALSE) -> In-Training | L50: PG | M50: =VLOOKUP(A50,Response!$A:$M,7,) -> PG (Paying Guest) | N50: =VLOOKUP(A50,Response!$A:$M,8,) -> Adhi lakshmi pg for gents | O50: =VLOOKUP(A50,Response!$A:$M,10,) -> 1 | P50: =VLOOKUP(A50,Response!$A:$M,12,) -> No | Q50: =VLOOKUP(A50,Response!$A:$M,11,) -> Egattur | R50: Siruseri | S50: Red
A51: 2531448 | B51: =VLOOKUP(A51,File!$A:$J,2,FALSE) -> Gummidi Sampath Kumar | C51: =VLOOKUP(A51,File!$A:$J,5,FALSE) -> 46252 | D51: =VLOOKUP(A51,File!$A:$J,3,FALSE) -> Male | E51: =VLOOKUP(A51,File!$A:$J,4,FALSE) -> FTE | F51: =VLOOKUP(A51,File!$A:$J,6,FALSE) -> Chennai | G51: =VLOOKUP(A51,File!$A:$J,7,FALSE) -> CIS26AT007 | H51: =VLOOKUP(A51,File!$A:$J,8,FALSE) -> Uma Venkatachalam | I51: =VLOOKUP(A51,File!$A:$J,9,FALSE) -> 46365 | J51: =VLOOKUP(A51,File!$A:$K,11,FALSE) -> Dec 2026 | K51: =VLOOKUP(A51,File!$A:$K,10,FALSE) -> In-Training | L51: PG | M51: =VLOOKUP(A51,Response!$A:$M,7,) -> PG (Paying Guest) | N51: =VLOOKUP(A51,Response!$A:$M,8,) -> AADHI LAKSHMI PG FOR GENTS , Egattur | O51: =VLOOKUP(A51,Response!$A:$M,10,) -> 4 | P51: =VLOOKUP(A51,Response!$A:$M,12,) -> No | Q51: =VLOOKUP(A51,Response!$A:$M,11,) -> Siruseri | R51: Siruseri | S51: Red
... A63: 2533157 | B63: =VLOOKUP(A63,File!$A:$J,2,FALSE) -> Anuhya Kondapalli | C63: =VLOOKUP(A63,File!$A:$J,5,FALSE) -> 46259 | D63: =VLOOKUP(A63,File!$A:$J,3,FALSE) -> Female | E63: =VLOOKUP(A63,File!$A:$J,4,FALSE) -> FTE | F63: =VLOOKUP(A63,File!$A:$J,6,FALSE) -> Chennai | G63: =VLOOKUP(A63,File!$A:$J,7,FALSE) -> CIS26MBG006 | H63: =VLOOKUP(A63,File!$A:$J,8,FALSE) -> Angel Maria Faustina Gomez | I63: =VLOOKUP(A63,File!$A:$J,9,FALSE) -> 46367 | J63: =VLOOKUP(A63,File!$A:$K,11,FALSE) -> Dec 2026 | K63: =VLOOKUP(A63,File!$A:$K,10,FALSE) -> In-Training | L63: PG | M63: =VLOOKUP(A63,Response!$A:$M,7,) -> PG (Paying Guest) | N63: =VLOOKUP(A63,Response!$A:$M,8,) -> Aj ladies hostel | O63: =VLOOKUP(A63,Response!$A:$M,10,) -> GF | P63: =VLOOKUP(A63,Response!$A:$M,12,) -> No | Q63: =VLOOKUP(A63,Response!$A:$M,11,) -> Egattur | R63: Siruseri | S63: Red
A64: 2521834 | B64: =VLOOKUP(A64,File!$A:$J,2,FALSE) -> Mahesh Mekala | C64: =VLOOKUP(A64,File!$A:$J,5,FALSE) -> 46212 | D64: =VLOOKUP(A64,File!$A:$J,3,FALSE) -> Male | E64: =VLOOKUP(A64,File!$A:$J,4,FALSE) -> FTE | F64: =VLOOKUP(A64,File!$A:$J,6,FALSE) -> Chennai | G64: =VLOOKUP(A64,File!$A:$J,7,FALSE) -> QEA26SD001 | H64: =VLOOKUP(A64,File!$A:$J,8,FALSE) -> Ajiesya D P | I64: =VLOOKUP(A64,File!$A:$J,9,FALSE) -> 46329 | J64: =VLOOKUP(A64,File!$A:$K,11,FALSE) -> Nov 2026 | K64: =VLOOKUP(A64,File!$A:$K,10,FALSE) -> In-Training | L64: Home | M64: =VLOOKUP(A64,Response!$A:$M,7,) -> Relatives Residence | N64: =VLOOKUP(A64,Response!$A:$M,8,) -> AKKARAI BACE, SAI BABA GARDEN, AKKARAI | O64: =VLOOKUP(A64,Response!$A:$M,10,) -> GF | P64: =VLOOKUP(A64,Response!$A:$M,12,) -> No | Q64: =VLOOKUP(A64,Response!$A:$M,11,) -> Akkarai | S64: N/A
A65: 2532932 | B65: =VLOOKUP(A65,File!$A:$J,2,FALSE) -> Vishalakshi Sudhakar Muthulakshmi | C65: =VLOOKUP(A65,File!$A:$J,5,FALSE) -> 46259 | D65: =VLOOKUP(A65,File!$A:$J,3,FALSE) -> Female | E65: =VLOOKUP(A65,File!$A:$J,4,FALSE) -> FTE | F65: =VLOOKUP(A65,File!$A:$J,6,FALSE) -> Chennai | G65: =VLOOKUP(A65,File!$A:$J,7,FALSE) -> IOT26CSJ002 | H65: =VLOOKUP(A65,File!$A:$J,8,FALSE) -> Pavithra Kandasamy | I65: =VLOOKUP(A65,File!$A:$J,9,FALSE) -> 46337 | J65: =VLOOKUP(A65,File!$A:$K,11,FALSE) -> Nov 2026 | K65: =VLOOKUP(A65,File!$A:$K,10,FALSE) -> In-Training | L65: Home | M65: =VLOOKUP(A65,Response!$A:$M,7,) -> Permanent Residence (House/Home) | N65: =VLOOKUP(A65,Response!$A:$M,8,) -> ALLIANCE HUMMING GARDEN VILLA NO 171 | O65: =VLOOKUP(A65,Response!$A:$M,10,) -> GF | P65: =VLOOKUP(A65,Response!$A:$M,12,) -> No | Q65: =VLOOKUP(A65,Response!$A:$M,11,) -> Kelambakkam | R65: Kelambakkam | S65: N/A
A66: 2531408 | B66: =VLOOKUP(A66,File!$A:$J,2,FALSE) -> Ananya Vats | C66: =VLOOKUP(A66,File!$A:$J,5,FALSE) -> 46252 | D66: =VLOOKUP(A66,File!$A:$J,3,FALSE) -> Female | E66: =VLOOKUP(A66,File!$A:$J,4,FALSE) -> FTE | F66: =VLOOKUP(A66,File!$A:$J,6,FALSE) -> Chennai | G66: =VLOOKUP(A66,File!$A:$J,7,FALSE) -> EPS26SAP036 | H66: =VLOOKUP(A66,File!$A:$J,8,FALSE) -> Vishnupriya Dakshnamurthy | I66: =VLOOKUP(A66,File!$A:$J,9,FALSE) -> 46335 | J66: =VLOOKUP(A66,File!$A:$K,11,FALSE) -> Nov 2026 | K66: =VLOOKUP(A66,File!$A:$K,10,FALSE) -> In-Training | L66: Home | M66: =VLOOKUP(A66,Response!$A:$M,7,) -> Permanent Residence (House/Home) | N66: =VLOOKUP(A66,Response!$A:$M,8,) -> Alliance Orchid Springs | O66: =VLOOKUP(A66,Response!$A:$M,10,) -> 13 | P66: =VLOOKUP(A66,Response!$A:$M,12,) -> Yes | Q66: =VLOOKUP(A66,Response!$A:$M,11,) -> Korattur | S66: N/A
A67: 2526610 | B67: =VLOOKUP(A67,File!$A:$J,2,FALSE) -> Ashwin Sundar V S | C67: =VLOOKUP(A67,File!$A:$J,5,FALSE) -> 46233 | D67: =VLOOKUP(A67,File!$A:$J,3,FALSE) -> Male | E67: =VLOOKUP(A67,File!$A:$J,4,FALSE) -> FTE | F67: =VLOOKUP(A67,File!$A:$J,6,FALSE) -> Chennai | G67: =VLOOKUP(A67,File!$A:$J,7,FALSE) -> QEA26JP001 | H67: =VLOOKUP(A67,File!$A:$J,8,FALSE) -> Ajiesya D P | I67: =VLOOKUP(A67,File!$A:$J,9,FALSE) | J67: Dec 2026 | K67: =VLOOKUP(A67,File!$A:$K,10,FALSE) -> Training - ON Hold | L67: PG | M67: =VLOOKUP(A67,Response!$A:$M,7,) -> PG (Paying Guest) | N67: =VLOOKUP(A67,Response!$A:$M,8,) -> Amar garden, 1/15 M.R Ratha road, pudupakkam, Tamilnadu. | O67: =VLOOKUP(A67,Response!$A:$M,10,) -> 1 | P67: =VLOOKUP(A67,Response!$A:$M,12,) -> Yes | Q67: =VLOOKUP(A67,Response!$A:$M,11,) -> Siruseri | R67: Siruseri | S67: Red
A68: 2530223 | B68: =VLOOKUP(A68,File!$A:$J,2,FALSE) -> Rohith Boorla | C68: =VLOOKUP(A68,File!$A:$J,5,FALSE) -> 46247 | D68: =VLOOKUP(A68,File!$A:$J,3,FALSE) -> Male | E68: =VLOOKUP(A68,File!$A:$J,4,FALSE) -> FTE | F68: =VLOOKUP(A68,File!$A:$J,6,FALSE) -> Chennai | G68: =VLOOKUP(A68,File!$A:$J,7,FALSE) -> EPS26OSPPRO001 | H68: =VLOOKUP(A68,File!$A:$J,8,FALSE) -> Gayathri Ramachandran | I68: =VLOOKUP(A68,File!$A:$J,9,FALSE) -> 46363 | J68: =VLOOKUP(A68,File!$A:$K,11,FALSE) -> Dec 2026 | K68: =VLOOKUP(A68,File!$A:$K,10,FALSE) -> In-Training | L68: PG | M68: =VLOOKUP(A68,Response!$A:$M,7,) -> PG (Paying Guest) | N68: =VLOOKUP(A68,Response!$A:$M,8,) -> Amaravathi gents hostel, Periyar street, Egatur | O68: =VLOOKUP(A68,Response!$A:$M,10,) -> 2 | P68: =VLOOKUP(A68,Response!$A:$M,12,) -> No | Q68: =VLOOKUP(A68,Response!$A:$M,11,) -> Egattur | R68: Siruseri | S68: Red
A69: 2516799 | B69: =VLOOKUP(A69,File!$A:$J,2,FALSE) -> Ponnathota Charan Vardhan Reddy | C69: =VLOOKUP(A69,File!$A:$J,5,FALSE) -> 46191 | D69: =VLOOKUP(A69,File!$A:$J,3,FALSE) -> Male | E69: =VLOOKUP(A69,File!$A:$J,4,FALSE) -> FTE | F69: =VLOOKUP(A69,File!$A:$J,6,FALSE) -> Chennai | G69: =VLOOKUP(A69,File!$A:$J,7,FALSE) -> CIS26MW001 | H69: =VLOOKUP(A69,File!$A:$J,8,FALSE) -> Ashiya Begam S | I69: =VLOOKUP(A69,File!$A:$J,9,FALSE) -> 46276 | J69: =VLOOKUP(A69,File!$A:$K,11,FALSE) -> Sep 2026 | K69: =VLOOKUP(A69,File!$A:$K,10,FALSE) -> In-Training | L69: PG | M69: =VLOOKUP(A69,Response!$A:$M,7,) -> PG (Paying Guest) | N69: =VLOOKUP(A69,Response!$A:$M,8,) -> Amaravati Gents PG - Egattur | O69: =VLOOKUP(A69,Response!$A:$M,10,) -> 1 | P69: =VLOOKUP(A69,Response!$A:$M,12,) -> No | Q69: =VLOOKUP(A69,Response!$A:$M,11,) -> Egattur | R69: Siruseri | S69: Red
A70: 2519678 | B70: =VLOOKUP(A70,File!$A:$J,2,FALSE) -> Aiswarya Dinesan | C70: =VLOOKUP(A70,File!$A:$J,5,FALSE) -> 46205 | D70: =VLOOKUP(A70,File!$A:$J,3,FALSE) -> Female | E70: =VLOOKUP(A70,File!$A:$J,4,FALSE) -> FTE | F70: =VLOOKUP(A70,File!$A:$J,6,FALSE) -> Chennai | G70: =VLOOKUP(A70,File!$A:$J,7,FALSE) -> CIS26MCPT013 | H70: =VLOOKUP(A70,File!$A:$J,8,FALSE) -> Lawrance M | I70: =VLOOKUP(A70,File!$A:$J,9,FALSE) -> 46324 | J70: =VLOOKUP(A70,File!$A:$K,11,FALSE) -> Oct 2026 | K70: =VLOOKUP(A70,File!$A:$K,10,FALSE) -> In-Training | L70: PG | M70: =VLOOKUP(A70,Response!$A:$M,7,) -> Hostel | N70: =VLOOKUP(A70,Response!$A:$M,8,) -> Ambika Nest Hostel, Siruseri | O70: =VLOOKUP(A70,Response!$A:$M,10,) -> 1 | P70: =VLOOKUP(A70,Response!$A:$M,12,) -> No | Q70: =VLOOKUP(A70,Response!$A:$M,11,) -> Siruseri | R70: Siruseri | S70: Red
A71: 2521183 | B71: =VLOOKUP(A71,File!$A:$J,2,FALSE) -> Lerisa A Kalghatgi | C71: =VLOOKUP(A71,File!$A:$J,5,FALSE) -> 46210 | D71: =VLOOKUP(A71,File!$A:$J,3,FALSE) -> Female | E71: =VLOOKUP(A71,File!$A:$J,4,FALSE) -> FTE | F71: =VLOOKUP(A71,File!$A:$J,6,FALSE) -> Chennai | G71: =VLOOKUP(A71,File!$A:$J,7,FALSE) -> CIS26MCPT013 | H71: =VLOOKUP(A71,File!$A:$J,8,FALSE) -> Lawrance M | I71: =VLOOKUP(A71,File!$A:$J,9,FALSE) -> 46324 | J71: =VLOOKUP(A71,File!$A:$K,11,FALSE) -> Oct 2026 | K71: =VLOOKUP(A71,File!$A:$K,10,FALSE) -> In-Training | L71: PG | M71: =VLOOKUP(A71,Response!$A:$M,7,) -> PG (Paying Guest) | N71: =VLOOKUP(A71,Response!$A:$M,8,) -> ambika Nest Ladies PG, Siruseri | O71: =VLOOKUP(A71,Response!$A:$M,10,) -> GF | P71: =VLOOKUP(A71,Response!$A:$M,12,) -> No | Q71: =VLOOKUP(A71,Response!$A:$M,11,) -> Siruseri | R71: Siruseri | S71: Red
A72: 2511301 | B72: =VLOOKUP(A72,File!$A:$J,2,FALSE) -> Mohamed Yhahiya Hidayathulla | C72: =VLOOKUP(A72,File!$A:$J,5,FALSE) -> 46163 | D72: =VLOOKUP(A72,File!$A:$J,3,FALSE) -> Male | E72: =VLOOKUP(A72,File!$A:$J,4,FALSE) -> FTE | F72: =VLOOKUP(A72,File!$A:$J,6,FALSE) -> Chennai | G72: =VLOOKUP(A72,File!$A:$J,7,FALSE) -> CIS26MCPT010 | H72: =VLOOKUP(A72,File!$A:$J,8,FALSE) -> Mohamed Harish | I72: =VLOOKUP(A72,File!$A:$J,9,FALSE) -> 46280 | J72: =VLOOKUP(A72,File!$A:$K,11,FALSE) -> Sep 2026 | K72: =VLOOKUP(A72,File!$A:$K,10,FALSE) -> In-Training | L72: PG | M72: =VLOOKUP(A72,Response!$A:$M,7,) -> PG (Paying Guest) | N72: =VLOOKUP(A72,Response!$A:$M,8,) -> ambika nest mens hostel | O72: =VLOOKUP(A72,Response!$A:$M,10,) -> 3 | P72: =VLOOKUP(A72,Response!$A:$M,12,) -> No | Q72: =VLOOKUP(A72,Response!$A:$M,11,) -> Egattur | R72: Siruseri | S72: Red
A73: 2533183 | B73: =VLOOKUP(A73,File!$A:$J,2,FALSE) -> Balaji S | C73: =VLOOKUP(A73,File!$A:$J,5,FALSE) -> 46259 | D73: =VLOOKUP(A73,File!$A:$J,3,FALSE) -> Male | E73: =VLOOKUP(A73,File!$A:$J,4,FALSE) -> FTE | F73: =VLOOKUP(A73,File!$A:$J,6,FALSE) -> Chennai | G73: =VLOOKUP(A73,File!$A:$J,7,FALSE) -> CIS26MBG003 | H73: =VLOOKUP(A73,File!$A:$J,8,FALSE) -> Kishorekumar P | I73: =VLOOKUP(A73,File!$A:$J,9,FALSE) -> 46367 | J73: =VLOOKUP(A73,File!$A:$K,11,FALSE) -> Dec 2026 | K73: =VLOOKUP(A73,File!$A:$K,10,FALSE) -> In-Training | L73: PG | M73: =VLOOKUP(A73,Response!$A:$M,7,) -> PG (Paying Guest) | N73: =VLOOKUP(A73,Response!$A:$M,8,) -> Ambika Nest PG, Siruseri | O73: =VLOOKUP(A73,Response!$A:$M,10,) -> 3 | P73: =VLOOKUP(A73,Response!$A:$M,12,) -> No | Q73: =VLOOKUP(A73,Response!$A:$M,11,) -> Siruseri | R73: Siruseri | S73: Red
A74: 2526593 | B74: =VLOOKUP(A74,File!$A:$J,2,FALSE) -> Sumitha S | C74: =VLOOKUP(A74,File!$A:$J,5,FALSE) -> 46233 | D74: =VLOOKUP(A74,File!$A:$J,3,FALSE) -> Female | E74: =VLOOKUP(A74,File!$A:$J,4,FALSE) -> FTE | F74: =VLOOKUP(A74,File!$A:$J,6,FALSE) -> Chennai | G74: =VLOOKUP(A74,File!$A:$J,7,FALSE) -> QEA26JP001 | H74: =VLOOKUP(A74,File!$A:$J,8,FALSE) -> Ajiesya D P | I74: =VLOOKUP(A74,File!$A:$J,9,FALSE) | J74: Dec 2026 | K74: =VLOOKUP(A74,File!$A:$K,10,FALSE) -> Training - ON Hold | L74: PG | M74: =VLOOKUP(A74,Response!$A:$M,7,) -> PG (Paying Guest) | N74: =VLOOKUP(A74,Response!$A:$M,8,) -> Ambika nest womens hostel | O74: =VLOOKUP(A74,Response!$A:$M,10,) -> 1 | P74: =VLOOKUP(A74,Response!$A:$M,12,) -> Yes | Q74: =VLOOKUP(A74,Response!$A:$M,11,) -> Siruseri | R74: Siruseri | S74: Red
A75: 2526597 | B75: =VLOOKUP(A75,File!$A:$J,2,FALSE) -> Sowmiya B | C75: =VLOOKUP(A75,File!$A:$J,5,FALSE) -> 46233 | D75: =VLOOKUP(A75,File!$A:$J,3,FALSE) -> Female | E75: =VLOOKUP(A75,File!$A:$J,4,FALSE) -> FTE | F75: =VLOOKUP(A75,File!$A:$J,6,FALSE) -> Chennai | G75: =VLOOKUP(A75,File!$A:$J,7,FALSE) -> QEA26JP001 | H75: =VLOOKUP(A75,File!$A:$J,8,FALSE) -> Ajiesya D P | I75: =VLOOKUP(A75,File!$A:$J,9,FALSE) | J75: Dec 2026 | K75: =VLOOKUP(A75,File!$A:$K,10,FALSE) -> Training - ON Hold | L75: PG | M75: =VLOOKUP(A75,Response!$A:$M,7,) -> PG (Paying Guest) | N75: =VLOOKUP(A75,Response!$A:$M,8,) -> Ambika nest Womens hostel | O75: =VLOOKUP(A75,Response!$A:$M,10,) -> 1 | P75: =VLOOKUP(A75,Response!$A:$M,12,) -> No | Q75: =VLOOKUP(A75,Response!$A:$M,11,) -> Siruseri | R75: Siruseri | S75: Red
A76: 2524637 | B76: =VLOOKUP(A76,File!$A:$J,2,FALSE) -> Debatri Pal | C76: =VLOOKUP(A76,File!$A:$J,5,FALSE) -> 46224 | D76: =VLOOKUP(A76,File!$A:$J,3,FALSE) -> Female | E76: =VLOOKUP(A76,File!$A:$J,4,FALSE) -> FTE | F76: =VLOOKUP(A76,File!$A:$J,6,FALSE) -> Chennai | G76: =VLOOKUP(A76,File!$A:$J,7,FALSE) -> ADM26MF012 | H76: =VLOOKUP(A76,File!$A:$J,8,FALSE) -> Lourdhu Selvin Raj X | I76: =VLOOKUP(A76,File!$A:$J,9,FALSE) -> 46343 | J76: =VLOOKUP(A76,File!$A:$K,11,FALSE) -> Nov 2026 | K76: =VLOOKUP(A76,File!$A:$K,10,FALSE) -> In-Training | L76: PG | M76: =VLOOKUP(A76,Response!$A:$M,7,) -> PG (Paying Guest) | N76: =VLOOKUP(A76,Response!$A:$M,8,) -> Ambika Nest Womens Hostel | O76: =VLOOKUP(A76,Response!$A:$M,10,) -> 1 | P76: =VLOOKUP(A76,Response!$A:$M,12,) -> No | Q76: =VLOOKUP(A76,Response!$A:$M,11,) -> Siruseri | R76: Siruseri | S76: Red
A77: 2533226 | B77: =VLOOKUP(A77,File!$A:$J,2,FALSE) -> Anushreea DE | C77: =VLOOKUP(A77,File!$A:$J,5,FALSE) -> 46259 | D77: =VLOOKUP(A77,File!$A:$J,3,FALSE) -> Female | E77: =VLOOKUP(A77,File!$A:$J,4,FALSE) -> FTE | F77: =VLOOKUP(A77,File!$A:$J,6,FALSE) -> Chennai | G77: =VLOOKUP(A77,File!$A:$J,7,FALSE) -> CIS26MBG003 | H77: =VLOOKUP(A77,File!$A:$J,8,FALSE) -> Kishorekumar P | I77: =VLOOKUP(A77,File!$A:$J,9,FALSE) -> 46367 | J77: =VLOOKUP(A77,File!$A:$K,11,FALSE) -> Dec 2026 | K77: =VLOOKUP(A77,File!$A:$K,10,FALSE) -> In-Training | L77: PG | M77: =VLOOKUP(A77,Response!$A:$M,7,) -> PG (Paying Guest) | N77: =VLOOKUP(A77,Response!$A:$M,8,) -> Ambika Nest Womens Hostel | O77: =VLOOKUP(A77,Response!$A:$M,10,) -> 1 | P77: =VLOOKUP(A77,Response!$A:$M,12,) -> No | Q77: =VLOOKUP(A77,Response!$A:$M,11,) -> Siruseri | R77: Siruseri | S77: Red
A78: 2521697 | B78: =VLOOKUP(A78,File!$A:$J,2,FALSE) -> Pooja Anil Bhanage | C78: =VLOOKUP(A78,File!$A:$J,5,FALSE) -> 46212 | D78: =VLOOKUP(A78,File!$A:$J,3,FALSE) -> Female | E78: =VLOOKUP(A78,File!$A:$J,4,FALSE) -> FTE | F78: =VLOOKUP(A78,File!$A:$J,6,FALSE) -> Chennai | G78: =VLOOKUP(A78,File!$A:$J,7,FALSE) -> QEA26QEPT023 | H78: =VLOOKUP(A78,File!$A:$J,8,FALSE) -> Sweta Thoppil | I78: =VLOOKUP(A78,File!$A:$J,9,FALSE) -> 46314 | J78: =VLOOKUP(A78,File!$A:$K,11,FALSE) -> Oct 2026 | K78: =VLOOKUP(A78,File!$A:$K,10,FALSE) -> In-Training | L78: PG | M78: =VLOOKUP(A78,Response!$A:$M,7,) -> Hostel | N78: =VLOOKUP(A78,Response!$A:$M,8,) -> Ambika Nest Womens Hostel | O78: =VLOOKUP(A78,Response!$A:$M,10,) -> GF | P78: =VLOOKUP(A78,Response!$A:$M,12,) -> No | Q78: =VLOOKUP(A78,Response!$A:$M,11,) -> Siruseri | R78: Siruseri | S78: Red
A79: 2524655 | B79: =VLOOKUP(A79,File!$A:$J,2,FALSE) -> Harshitha P | C79: =VLOOKUP(A79,File!$A:$J,5,FALSE) -> 46224 | D79: =VLOOKUP(A79,File!$A:$J,3,FALSE) -> Female | E79: =VLOOKUP(A79,File!$A:$J,4,FALSE) -> FTE | F79: =VLOOKUP(A79,File!$A:$J,6,FALSE) -> Chennai | G79: =VLOOKUP(A79,File!$A:$J,7,FALSE) -> IOA26RPA005 | H79: =VLOOKUP(A79,File!$A:$J,8,FALSE) -> Adarsh J Nair | I79: =VLOOKUP(A79,File!$A:$J,9,FALSE) -> 46309 | J79: =VLOOKUP(A79,File!$A:$K,11,FALSE) -> Oct 2026 | K79: =VLOOKUP(A79,File!$A:$K,10,FALSE) -> In-Training | L79: PG | M79: =VLOOKUP(A79,Response!$A:$M,7,) -> PG (Paying Guest) | N79: =VLOOKUP(A79,Response!$A:$M,8,) -> Ambika Nest Womens Hostel | O79: =VLOOKUP(A79,Response!$A:$M,10,) -> GF | P79: =VLOOKUP(A79,Response!$A:$M,12,) -> No | Q79: =VLOOKUP(A79,Response!$A:$M,11,) -> Siruseri | R79: Siruseri | S79: Red
A80: 2525063 | B80: =VLOOKUP(A80,File!$A:$J,2,FALSE) -> Keerthi C V | C80: =VLOOKUP(A80,File!$A:$J,5,FALSE) -> 46226 | D80: =VLOOKUP(A80,File!$A:$J,3,FALSE) -> Female | E80: =VLOOKUP(A80,File!$A:$J,4,FALSE) -> FTE | F80: =VLOOKUP(A80,File!$A:$J,6,FALSE) -> Chennai | G80: =VLOOKUP(A80,File!$A:$J,7,FALSE) -> ADM26ISMO010 | H80: =VLOOKUP(A80,File!$A:$J,8,FALSE) -> Thomas Naveen. J | I80: =VLOOKUP(A80,File!$A:$J,9,FALSE) -> 46301 | J80: =VLOOKUP(A80,File!$A:$K,11,FALSE) -> Oct 2026 | K80: =VLOOKUP(A80,File!$A:$K,10,FALSE) -> In-Training | L80: PG | M80: =VLOOKUP(A80,Response!$A:$M,7,) -> PG (Paying Guest) | N80: =VLOOKUP(A80,Response!$A:$M,8,) -> Ambika Nest Womens Hostel | O80: =VLOOKUP(A80,Response!$A:$M,10,) -> GF | P80: =VLOOKUP(A80,Response!$A:$M,12,) -> No | Q80: =VLOOKUP(A80,Response!$A:$M,11,) -> Siruseri | R80: Siruseri | S80: Red
A81: 2521703 | B81: =VLOOKUP(A81,File!$A:$J,2,FALSE) -> Anjali Sikandar Bhande | C81: =VLOOKUP(A81,File!$A:$J,5,FALSE) -> 46212 | D81: =VLOOKUP(A81,File!$A:$J,3,FALSE) -> Female | E81: =VLOOKUP(A81,File!$A:$J,4,FALSE) -> FTE | F81: =VLOOKUP(A81,File!$A:$J,6,FALSE) -> Chennai | G81: =VLOOKUP(A81,File!$A:$J,7,FALSE) -> ADM26MF010 | H81: =VLOOKUP(A81,File!$A:$J,8,FALSE) -> Thomas Naveen. J | I81: =VLOOKUP(A81,File!$A:$J,9,FALSE) -> 46328 | J81: =VLOOKUP(A81,File!$A:$K,11,FALSE) -> Nov 2026 | K81: =VLOOKUP(A81,File!$A:$K,10,FALSE) -> In-Training | L81: PG | M81: =VLOOKUP(A81,Response!$A:$M,7,) -> PG (Paying Guest) | N81: =VLOOKUP(A81,Response!$A:$M,8,) -> AMBIKA WOMENS HOSTEL | O81: =VLOOKUP(A81,Response!$A:$M,10,) -> GF | P81: =VLOOKUP(A81,Response!$A:$M,12,) -> No | Q81: =VLOOKUP(A81,Response!$A:$M,11,) -> Siruseri | R81: Siruseri | S81: Red
A82: 2526174 | B82: =VLOOKUP(A82,File!$A:$J,2,FALSE) -> Abinaya Ramesh | C82: =VLOOKUP(A82,File!$A:$J,5,FALSE) -> 46231 | D82: =VLOOKUP(A82,File!$A:$J,3,FALSE) -> Female | E82: =VLOOKUP(A82,File!$A:$J,4,FALSE) -> FTE | F82: =VLOOKUP(A82,File!$A:$J,6,FALSE) -> Chennai | G82: =VLOOKUP(A82,File!$A:$J,7,FALSE) -> CIS26DWP024 | H82: =VLOOKUP(A82,File!$A:$J,8,FALSE) -> Lakavath Udhaya Bhavana | I82: =VLOOKUP(A82,File!$A:$J,9,FALSE) -> 46286 | J82: =VLOOKUP(A82,File!$A:$K,11,FALSE) -> Sep 2026 | K82: =VLOOKUP(A82,File!$A:$K,10,FALSE) -> In-Training | L82: PG | M82: =VLOOKUP(A82,Response!$A:$M,7,) -> Hostel | N82: =VLOOKUP(A82,Response!$A:$M,8,) -> Ambikanest Womens Hostel | O82: =VLOOKUP(A82,Response!$A:$M,10,) -> GF | P82: =VLOOKUP(A82,Response!$A:$M,12,) -> No | Q82: =VLOOKUP(A82,Response!$A:$M,11,) -> Siruseri | R82: Siruseri | S82: Red
A83: 2521248 | B83: =VLOOKUP(A83,File!$A:$J,2,FALSE) -> Kiruthika T | C83: =VLOOKUP(A83,File!$A:$J,5,FALSE) -> 46210 | D83: =VLOOKUP(A83,File!$A:$J,3,FALSE) -> Female | E83: =VLOOKUP(A83,File!$A:$J,4,FALSE) -> FTE | F83: =VLOOKUP(A83,File!$A:$J,6,FALSE) -> Chennai | G83: =VLOOKUP(A83,File!$A:$J,7,FALSE) -> CS26CS007 | H83: =VLOOKUP(A83,File!$A:$J,8,FALSE) -> Lawrance M | I83: =VLOOKUP(A83,File!$A:$J,9,FALSE) -> 46272 | J83: =VLOOKUP(A83,File!$A:$K,11,FALSE) -> Sep 2026 | K83: =VLOOKUP(A83,File!$A:$K,10,FALSE) -> In-Training | L83: PG | M83: =VLOOKUP(A83,Response!$A:$M,7,) -> PG (Paying Guest) | N83: =VLOOKUP(A83,Response!$A:$M,8,) -> Anandham Womens Hostel (Behind Accenture) | O83: =VLOOKUP(A83,Response!$A:$M,10,) -> 3 | P83: =VLOOKUP(A83,Response!$A:$M,12,) -> No | Q83: =VLOOKUP(A83,Response!$A:$M,11,) -> Sholinganallur | R83: Sholinganallur | S83: Red
A84: 2512347 | B84: =VLOOKUP(A84,File!$A:$J,2,FALSE) -> Shamik Das | C84: =VLOOKUP(A84,File!$A:$J,5,FALSE) -> 46170 | D84: =VLOOKUP(A84,File!$A:$J,3,FALSE) -> Male | E84: =VLOOKUP(A84,File!$A:$J,4,FALSE) -> FTE | F84: =VLOOKUP(A84,File!$A:$J,6,FALSE) -> Chennai | G84: =VLOOKUP(A84,File!$A:$J,7,FALSE) -> CIS26MCPT012 | H84: =VLOOKUP(A84,File!$A:$J,8,FALSE) -> Uma Venkatachalam | I84: =VLOOKUP(A84,File!$A:$J,9,FALSE) -> 46282 | J84: =VLOOKUP(A84,File!$A:$K,11,FALSE) -> Sep 2026 | K84: =VLOOKUP(A84,File!$A:$K,10,FALSE) -> In-Training | L84: PG | M84: =VLOOKUP(A84,Response!$A:$M,7,) -> PG (Paying Guest) | N84: =VLOOKUP(A84,Response!$A:$M,8,) -> Anish Gents pg | O84: =VLOOKUP(A84,Response!$A:$M,10,) -> 2 | P84: =VLOOKUP(A84,Response!$A:$M,12,) -> No | Q84: =VLOOKUP(A84,Response!$A:$M,11,) -> Siruseri | R84: Siruseri | S84: Red
A85: 2529799 | B85: =VLOOKUP(A85,File!$A:$J,2,FALSE) -> Gedela Dilleswara Rao | C85: =VLOOKUP(A85,File!$A:$J,5,FALSE) -> 46245 | D85: =VLOOKUP(A85,File!$A:$J,3,FALSE) -> Male | E85: =VLOOKUP(A85,File!$A:$J,4,FALSE) -> FTE | F85: =VLOOKUP(A85,File!$A:$J,6,FALSE) -> Chennai | G85: =VLOOKUP(A85,File!$A:$J,7,FALSE) -> EPS26SAP033 | H85: =VLOOKUP(A85,File!$A:$J,8,FALSE) -> Ajith Ganesan | I85: =VLOOKUP(A85,File!$A:$J,9,FALSE) -> 46330 | J85: =VLOOKUP(A85,File!$A:$K,11,FALSE) -> Nov 2026 | K85: =VLOOKUP(A85,File!$A:$K,10,FALSE) -> In-Training | L85: PG | M85: =VLOOKUP(A85,Response!$A:$M,7,) -> PG (Paying Guest) | N85: =VLOOKUP(A85,Response!$A:$M,8,) -> Anish Luxary Gents PG | O85: =VLOOKUP(A85,Response!$A:$M,10,) -> GF | P85: =VLOOKUP(A85,Response!$A:$M,12,) -> No | Q85: =VLOOKUP(A85,Response!$A:$M,11,) -> Siruseri | R85: Siruseri | S85: Red
A86: 2524634 | B86: =VLOOKUP(A86,File!$A:$J,2,FALSE) -> Desaboyina Mahendra Sri Sai Karthik | C86: =VLOOKUP(A86,File!$A:$J,5,FALSE) -> 46224 | D86: =VLOOKUP(A86,File!$A:$J,3,FALSE) -> Male | E86: =VLOOKUP(A86,File!$A:$J,4,FALSE) -> FTE | F86: =VLOOKUP(A86,File!$A:$J,6,FALSE) -> Chennai | G86: =VLOOKUP(A86,File!$A:$J,7,FALSE) -> ADM26MF012 | H86: =VLOOKUP(A86,File!$A:$J,8,FALSE) -> Lourdhu Selvin Raj X | I86: =VLOOKUP(A86,File!$A:$J,9,FALSE) -> 46343 | J86: =VLOOKUP(A86,File!$A:$K,11,FALSE) -> Nov 2026 | K86: =VLOOKUP(A86,File!$A:$K,10,FALSE) -> In-Training | L86: PG | M86: =VLOOKUP(A86,Response!$A:$M,7,) -> PG (Paying Guest) | N86: =VLOOKUP(A86,Response!$A:$M,8,) -> Anish Luxuary Gents PG, sipcot park siruseri | O86: =VLOOKUP(A86,Response!$A:$M,10,) -> 5 | P86: =VLOOKUP(A86,Response!$A:$M,12,) -> No | Q86: =VLOOKUP(A86,Response!$A:$M,11,) -> Siruseri | R86: Siruseri | S86: Red
A87: 2521810 | B87: =VLOOKUP(A87,File!$A:$J,2,FALSE) -> Pratik Vasant Gunjalkar | C87: =VLOOKUP(A87,File!$A:$J,5,FALSE) -> 46212 | D87: =VLOOKUP(A87,File!$A:$J,3,FALSE) -> Male | E87: =VLOOKUP(A87,File!$A:$J,4,FALSE) -> FTE | F87: =VLOOKUP(A87,File!$A:$J,6,FALSE) -> Chennai | G87: =VLOOKUP(A87,File!$A:$J,7,FALSE) -> ADM26MF010 | H87: =VLOOKUP(A87,File!$A:$J,8,FALSE) -> Thomas Naveen. J | I87: =VLOOKUP(A87,File!$A:$J,9,FALSE) -> 46328 | J87: =VLOOKUP(A87,File!$A:$K,11,FALSE) -> Nov 2026 | K87: =VLOOKUP(A87,File!$A:$K,10,FALSE) -> In-Training | L87: PG | M87: =VLOOKUP(A87,Response!$A:$M,7,) -> PG (Paying Guest) | N87: =VLOOKUP(A87,Response!$A:$M,8,) -> ANISH LUXURY GENTS PG | O87: =VLOOKUP(A87,Response!$A:$M,10,) -> 1 | P87: =VLOOKUP(A87,Response!$A:$M,12,) -> No | Q87: =VLOOKUP(A87,Response!$A:$M,11,) -> Siruseri | R87: Siruseri | S87: Red
... A107: 2512349 | B107: =VLOOKUP(A107,File!$A:$J,2,FALSE) -> Manthena Karthik | C107: =VLOOKUP(A107,File!$A:$J,5,FALSE) -> 46170 | D107: =VLOOKUP(A107,File!$A:$J,3,FALSE) -> Male | E107: =VLOOKUP(A107,File!$A:$J,4,FALSE) -> FTE | F107: =VLOOKUP(A107,File!$A:$J,6,FALSE) -> Chennai | G107: =VLOOKUP(A107,File!$A:$J,7,FALSE) -> CIS26MCPT012 | H107: =VLOOKUP(A107,File!$A:$J,8,FALSE) -> Uma Venkatachalam | I107: =VLOOKUP(A107,File!$A:$J,9,FALSE) -> 46282 | J107: =VLOOKUP(A107,File!$A:$K,11,FALSE) -> Sep 2026 | K107: =VLOOKUP(A107,File!$A:$K,10,FALSE) -> In-Training | L107: PG | M107: =VLOOKUP(A107,Response!$A:$M,7,) -> PG (Paying Guest) | N107: =VLOOKUP(A107,Response!$A:$M,8,) -> Annapurna pg for gents | O107: =VLOOKUP(A107,Response!$A:$M,10,) -> 2 | P107: =VLOOKUP(A107,Response!$A:$M,12,) -> No | Q107: =VLOOKUP(A107,Response!$A:$M,11,) -> Egattur | R107: Siruseri | S107: Red
A108: 2522803 | B108: =VLOOKUP(A108,File!$A:$J,2,FALSE) -> Praveena S | C108: =VLOOKUP(A108,File!$A:$J,5,FALSE) -> 46217 | D108: =VLOOKUP(A108,File!$A:$J,3,FALSE) -> Female | E108: =VLOOKUP(A108,File!$A:$J,4,FALSE) -> FTE | F108: =VLOOKUP(A108,File!$A:$J,6,FALSE) -> Chennai | G108: =VLOOKUP(A108,File!$A:$J,7,FALSE) -> CIS26MCPT017 | H108: =VLOOKUP(A108,File!$A:$J,8,FALSE) -> Haritha P | I108: =VLOOKUP(A108,File!$A:$J,9,FALSE) -> 46335 | J108: =VLOOKUP(A108,File!$A:$K,11,FALSE) -> Nov 2026 | K108: =VLOOKUP(A108,File!$A:$K,10,FALSE) -> In-Training | L108: Home | M108: =VLOOKUP(A108,Response!$A:$M,7,) -> Permanent Residence (House/Home) | N108: =VLOOKUP(A108,Response!$A:$M,8,) -> AP 1371 31ST STREET 6TH SECTOR KK NAGAR CHENNAI - 78 | O108: =VLOOKUP(A108,Response!$A:$M,10,) -> GF | P108: =VLOOKUP(A108,Response!$A:$M,12,) -> Yes | Q108: =VLOOKUP(A108,Response!$A:$M,11,) -> Ashok Pillar | S108: N/A
A109: 2529647 | B109: =VLOOKUP(A109,File!$A:$J,2,FALSE) -> Suryaa D | C109: =VLOOKUP(A109,File!$A:$J,5,FALSE) -> 46245 | D109: =VLOOKUP(A109,File!$A:$J,3,FALSE) -> Male | E109: =VLOOKUP(A109,File!$A:$J,4,FALSE) -> FTE | F109: =VLOOKUP(A109,File!$A:$J,6,FALSE) -> Chennai | G109: =VLOOKUP(A109,File!$A:$J,7,FALSE) -> CIS26MCPT026 | H109: =VLOOKUP(A109,File!$A:$J,8,FALSE) -> Mohamed Harish | I109: =VLOOKUP(A109,File!$A:$J,9,FALSE) -> 46364 | J109: =VLOOKUP(A109,File!$A:$K,11,FALSE) -> Dec 2026 | K109: =VLOOKUP(A109,File!$A:$K,10,FALSE) -> In-Training | L109: Home | M109: =VLOOKUP(A109,Response!$A:$M,7,) -> Rented House/Apartment | N109: =VLOOKUP(A109,Response!$A:$M,8,) -> Appartment(no name), Sholinganallur | O109: =VLOOKUP(A109,Response!$A:$M,10,) -> GF | P109: =VLOOKUP(A109,Response!$A:$M,12,) -> No | Q109: =VLOOKUP(A109,Response!$A:$M,11,) -> Sholinganallur | R109: Sholinganallur | S109: N/A
A110: 2521690 | B110: =VLOOKUP(A110,File!$A:$J,2,FALSE) -> Yedida Sai Venkataeswar | C110: =VLOOKUP(A110,File!$A:$J,5,FALSE) -> 46212 | D110: =VLOOKUP(A110,File!$A:$J,3,FALSE) -> Male | E110: =VLOOKUP(A110,File!$A:$J,4,FALSE) -> FTE | F110: =VLOOKUP(A110,File!$A:$J,6,FALSE) -> Chennai | G110: =VLOOKUP(A110,File!$A:$J,7,FALSE) -> ADM26MF010 | H110: =VLOOKUP(A110,File!$A:$J,8,FALSE) -> Thomas Naveen. J | I110: =VLOOKUP(A110,File!$A:$J,9,FALSE) -> 46328 | J110: =VLOOKUP(A110,File!$A:$K,11,FALSE) -> Nov 2026 | K110: =VLOOKUP(A110,File!$A:$K,10,FALSE) -> In-Training | L110: PG | M110: =VLOOKUP(A110,Response!$A:$M,7,) -> PG (Paying Guest) | N110: =VLOOKUP(A110,Response!$A:$M,8,) -> APS MENS HOSTEL , EGATTUR | O110: =VLOOKUP(A110,Response!$A:$M,10,) -> 2 | P110: =VLOOKUP(A110,Response!$A:$M,12,) -> No | Q110: =VLOOKUP(A110,Response!$A:$M,11,) -> Egattur | R110: Siruseri | S110: Red
A111: 2521680 | B111: =VLOOKUP(A111,File!$A:$J,2,FALSE) -> Subrahmanya Seeta Ramaraju Sagiraju | C111: =VLOOKUP(A111,File!$A:$J,5,FALSE) -> 46212 | D111: =VLOOKUP(A111,File!$A:$J,3,FALSE) -> Male | E111: =VLOOKUP(A111,File!$A:$J,4,FALSE) -> FTE | F111: =VLOOKUP(A111,File!$A:$J,6,FALSE) -> Chennai | G111: =VLOOKUP(A111,File!$A:$J,7,FALSE) -> QEA26QEPT023 | H111: =VLOOKUP(A111,File!$A:$J,8,FALSE) -> Sweta Thoppil | I111: =VLOOKUP(A111,File!$A:$J,9,FALSE) -> 46314 | J111: =VLOOKUP(A111,File!$A:$K,11,FALSE) -> Oct 2026 | K111: =VLOOKUP(A111,File!$A:$K,10,FALSE) -> In-Training | L111: PG | M111: =VLOOKUP(A111,Response!$A:$M,7,) -> PG (Paying Guest) | N111: =VLOOKUP(A111,Response!$A:$M,8,) -> APS Mens Hostel, Egattur | O111: =VLOOKUP(A111,Response!$A:$M,10,) -> 2 | P111: =VLOOKUP(A111,Response!$A:$M,12,) -> No | Q111: =VLOOKUP(A111,Response!$A:$M,11,) -> Egattur | R111: Siruseri | S111: Red
A112: 2521620 | B112: =VLOOKUP(A112,File!$A:$J,2,FALSE) -> Kalyan Ramu Rasamsetti | C112: =VLOOKUP(A112,File!$A:$J,5,FALSE) -> 46212 | D112: =VLOOKUP(A112,File!$A:$J,3,FALSE) -> Male | E112: =VLOOKUP(A112,File!$A:$J,4,FALSE) -> FTE | F112: =VLOOKUP(A112,File!$A:$J,6,FALSE) -> Chennai | G112: =VLOOKUP(A112,File!$A:$J,7,FALSE) -> ADM26DNAT003 | H112: =VLOOKUP(A112,File!$A:$J,8,FALSE) -> Athira P | I112: =VLOOKUP(A112,File!$A:$J,9,FALSE) -> 46318 | J112: =VLOOKUP(A112,File!$A:$K,11,FALSE) -> Oct 2026 | K112: =VLOOKUP(A112,File!$A:$K,10,FALSE) -> In-Training | L112: PG | M112: =VLOOKUP(A112,Response!$A:$M,7,) -> PG (Paying Guest) | N112: =VLOOKUP(A112,Response!$A:$M,8,) -> APS MENS PG | O112: =VLOOKUP(A112,Response!$A:$M,10,) -> 2 | P112: =VLOOKUP(A112,Response!$A:$M,12,) -> Yes | Q112: =VLOOKUP(A112,Response!$A:$M,11,) -> Navalur | R112: Siruseri | S112: Red
A113: 2531802 | B113: =VLOOKUP(A113,File!$A:$J,2,FALSE) -> Ronith Dhanesh | C113: =VLOOKUP(A113,File!$A:$J,5,FALSE) -> 46254 | D113: =VLOOKUP(A113,File!$A:$J,3,FALSE) -> Male | E113: =VLOOKUP(A113,File!$A:$J,4,FALSE) -> Intern | F113: =VLOOKUP(A113,File!$A:$J,6,FALSE) -> Chennai | G113: =VLOOKUP(A113,File!$A:$J,7,FALSE) -> INTFE26FE001 | H113: =VLOOKUP(A113,File!$A:$J,8,FALSE) -> Grace Esther S | I113: =VLOOKUP(A113,File!$A:$J,9,FALSE) -> 46310 | J113: =VLOOKUP(A113,File!$A:$K,11,FALSE) -> Oct 2026 | K113: =VLOOKUP(A113,File!$A:$K,10,FALSE) -> In-Training | L113: PG | M113: =VLOOKUP(A113,Response!$A:$M,7,) -> PG (Paying Guest) | N113: =VLOOKUP(A113,Response!$A:$M,8,) -> Ardenwood coliving | O113: =VLOOKUP(A113,Response!$A:$M,10,) -> 1 | P113: =VLOOKUP(A113,Response!$A:$M,12,) -> No | Q113: =VLOOKUP(A113,Response!$A:$M,11,) -> Egattur | R113: Siruseri | S113: Red
A114: 2530222 | B114: =VLOOKUP(A114,File!$A:$J,2,FALSE) -> Bonda Anish | C114: =VLOOKUP(A114,File!$A:$J,5,FALSE) -> 46247 | D114: =VLOOKUP(A114,File!$A:$J,3,FALSE) -> Male | E114: =VLOOKUP(A114,File!$A:$J,4,FALSE) -> FTE | F114: =VLOOKUP(A114,File!$A:$J,6,FALSE) -> Chennai | G114: =VLOOKUP(A114,File!$A:$J,7,FALSE) -> EPS26OSP010 | H114: =VLOOKUP(A114,File!$A:$J,8,FALSE) -> Vishnupriya Dakshnamurthy | I114: =VLOOKUP(A114,File!$A:$J,9,FALSE) -> 46357 | J114: =VLOOKUP(A114,File!$A:$K,11,FALSE) -> Dec 2026 | K114: =VLOOKUP(A114,File!$A:$K,10,FALSE) -> In-Training | L114: PG | M114: =VLOOKUP(A114,Response!$A:$M,7,) -> PG (Paying Guest) | N114: =VLOOKUP(A114,Response!$A:$M,8,) -> Ardenwood coliving | O114: =VLOOKUP(A114,Response!$A:$M,10,) -> 4 | P114: =VLOOKUP(A114,Response!$A:$M,12,) -> Yes | Q114: =VLOOKUP(A114,Response!$A:$M,11,) -> Siruseri | R114: Siruseri | S114: Red
A115: 2526154 | B115: =VLOOKUP(A115,File!$A:$J,2,FALSE) -> Mudit Vyas | C115: =VLOOKUP(A115,File!$A:$J,5,FALSE) -> 46231 | D115: =VLOOKUP(A115,File!$A:$J,3,FALSE) -> Male | E115: =VLOOKUP(A115,File!$A:$J,4,FALSE) -> FTE | F115: =VLOOKUP(A115,File!$A:$J,6,FALSE) -> Chennai | G115: =VLOOKUP(A115,File!$A:$J,7,FALSE) -> EPS26WD005 | H115: =VLOOKUP(A115,File!$A:$J,8,FALSE) -> Vishnupriya Dakshnamurthy | I115: =VLOOKUP(A115,File!$A:$J,9,FALSE) -> 46332 | J115: =VLOOKUP(A115,File!$A:$K,11,FALSE) -> Nov 2026 | K115: =VLOOKUP(A115,File!$A:$K,10,FALSE) -> In-Training | L115: PG | M115: =VLOOKUP(A115,Response!$A:$M,7,) -> PG (Paying Guest) | N115: =VLOOKUP(A115,Response!$A:$M,8,) -> Ardenwood co-living | O115: =VLOOKUP(A115,Response!$A:$M,10,) -> 3 | P115: =VLOOKUP(A115,Response!$A:$M,12,) -> No | Q115: =VLOOKUP(A115,Response!$A:$M,11,) -> Siruseri | R115: Siruseri | S115: Red
A116: 2521842 | B116: =VLOOKUP(A116,File!$A:$J,2,FALSE) -> Aman Kumar Singh | C116: =VLOOKUP(A116,File!$A:$J,5,FALSE) -> 46212 | D116: =VLOOKUP(A116,File!$A:$J,3,FALSE) -> Male | E116: =VLOOKUP(A116,File!$A:$J,4,FALSE) -> FTE | F116: =VLOOKUP(A116,File!$A:$J,6,FALSE) -> Chennai | G116: =VLOOKUP(A116,File!$A:$J,7,FALSE) -> QEA26SD001 | H116: =VLOOKUP(A116,File!$A:$J,8,FALSE) -> Ajiesya D P | I116: =VLOOKUP(A116,File!$A:$J,9,FALSE) -> 46329 | J116: =VLOOKUP(A116,File!$A:$K,11,FALSE) -> Nov 2026 | K116: =VLOOKUP(A116,File!$A:$K,10,FALSE) -> In-Training | L116: PG | M116: =VLOOKUP(A116,Response!$A:$M,7,) -> PG (Paying Guest) | N116: =VLOOKUP(A116,Response!$A:$M,8,) -> Ardenwood Co-Living | O116: =VLOOKUP(A116,Response!$A:$M,10,) -> 3 | P116: =VLOOKUP(A116,Response!$A:$M,12,) -> Yes | Q116: =VLOOKUP(A116,Response!$A:$M,11,) -> Egattur | R116: Siruseri | S116: Red
A117: 2520953 | B117: =VLOOKUP(A117,File!$A:$J,2,FALSE) -> Atharv Santosh Kulkarni | C117: =VLOOKUP(A117,File!$A:$J,5,FALSE) -> 46210 | D117: =VLOOKUP(A117,File!$A:$J,3,FALSE) -> Male | E117: =VLOOKUP(A117,File!$A:$J,4,FALSE) -> FTE | F117: =VLOOKUP(A117,File!$A:$J,6,FALSE) -> Chennai | G117: =VLOOKUP(A117,File!$A:$J,7,FALSE) -> CS26CS008 | H117: =VLOOKUP(A117,File!$A:$J,8,FALSE) -> Kishorekumar P | I117: =VLOOKUP(A117,File!$A:$J,9,FALSE) -> 46323 | J117: =VLOOKUP(A117,File!$A:$K,11,FALSE) -> Oct 2026 | K117: =VLOOKUP(A117,File!$A:$K,10,FALSE) -> In-Training | L117: PG | M117: =VLOOKUP(A117,Response!$A:$M,7,) -> PG (Paying Guest) | N117: =VLOOKUP(A117,Response!$A:$M,8,) -> Ardenwood Co-living | O117: =VLOOKUP(A117,Response!$A:$M,10,) -> 3 | P117: =VLOOKUP(A117,Response!$A:$M,12,) -> No | Q117: =VLOOKUP(A117,Response!$A:$M,11,) -> Siruseri | R117: Siruseri | S117: Red
A118: 2526142 | B118: =VLOOKUP(A118,File!$A:$J,2,FALSE) -> Uday Rai | C118: =VLOOKUP(A118,File!$A:$J,5,FALSE) -> 46231 | D118: =VLOOKUP(A118,File!$A:$J,3,FALSE) -> Male | E118: =VLOOKUP(A118,File!$A:$J,4,FALSE) -> FTE | F118: =VLOOKUP(A118,File!$A:$J,6,FALSE) -> Chennai | G118: =VLOOKUP(A118,File!$A:$J,7,FALSE) -> EPS26WD005 | H118: =VLOOKUP(A118,File!$A:$J,8,FALSE) -> Vishnupriya Dakshnamurthy | I118: =VLOOKUP(A118,File!$A:$J,9,FALSE) -> 46332 | J118: =VLOOKUP(A118,File!$A:$K,11,FALSE) -> Nov 2026 | K118: =VLOOKUP(A118,File!$A:$K,10,FALSE) -> In-Training | L118: PG | M118: =VLOOKUP(A118,Response!$A:$M,7,) -> PG (Paying Guest) | N118: =VLOOKUP(A118,Response!$A:$M,8,) -> Ardenwood Co-living | O118: =VLOOKUP(A118,Response!$A:$M,10,) -> 3 | P118: =VLOOKUP(A118,Response!$A:$M,12,) -> No | Q118: =VLOOKUP(A118,Response!$A:$M,11,) -> Siruseri | R118: Siruseri | S118: Red
A119: 2520925 | B119: =VLOOKUP(A119,File!$A:$J,2,FALSE) -> Prince LNU | C119: =VLOOKUP(A119,File!$A:$J,5,FALSE) -> 46210 | D119: =VLOOKUP(A119,File!$A:$J,3,FALSE) -> Male | E119: =VLOOKUP(A119,File!$A:$J,4,FALSE) -> FTE | F119: =VLOOKUP(A119,File!$A:$J,6,FALSE) -> Chennai | G119: =VLOOKUP(A119,File!$A:$J,7,FALSE) -> CS26CS008 | H119: =VLOOKUP(A119,File!$A:$J,8,FALSE) -> Kishorekumar P | I119: =VLOOKUP(A119,File!$A:$J,9,FALSE) -> 46323 | J119: =VLOOKUP(A119,File!$A:$K,11,FALSE) -> Oct 2026 | K119: =VLOOKUP(A119,File!$A:$K,10,FALSE) -> In-Training | L119: PG | M119: =VLOOKUP(A119,Response!$A:$M,7,) -> PG (Paying Guest) | N119: =VLOOKUP(A119,Response!$A:$M,8,) -> Ardenwood Co-living | O119: =VLOOKUP(A119,Response!$A:$M,10,) -> 4 | P119: =VLOOKUP(A119,Response!$A:$M,12,) -> No | Q119: =VLOOKUP(A119,Response!$A:$M,11,) -> Siruseri | R119: Siruseri | S119: Red
A120: 2520982 | B120: =VLOOKUP(A120,File!$A:$J,2,FALSE) -> Sahir Abidali Inamadar | C120: =VLOOKUP(A120,File!$A:$J,5,FALSE) -> 46210 | D120: =VLOOKUP(A120,File!$A:$J,3,FALSE) -> Male | E120: =VLOOKUP(A120,File!$A:$J,4,FALSE) -> FTE | F120: =VLOOKUP(A120,File!$A:$J,6,FALSE) -> Chennai | G120: =VLOOKUP(A120,File!$A:$J,7,FALSE) -> CS26CS008 | H120: =VLOOKUP(A120,File!$A:$J,8,FALSE) -> Kishorekumar P | I120: =VLOOKUP(A120,File!$A:$J,9,FALSE) -> 46323 | J120: =VLOOKUP(A120,File!$A:$K,11,FALSE) -> Oct 2026 | K120: =VLOOKUP(A120,File!$A:$K,10,FALSE) -> In-Training | L120: PG | M120: =VLOOKUP(A120,Response!$A:$M,7,) -> PG (Paying Guest) | N120: =VLOOKUP(A120,Response!$A:$M,8,) -> Ardenwood Co-living , Egattur | O120: =VLOOKUP(A120,Response!$A:$M,10,) -> 5 | P120: =VLOOKUP(A120,Response!$A:$M,12,) -> No | Q120: =VLOOKUP(A120,Response!$A:$M,11,) -> Siruseri | R120: Siruseri | S120: Red
... A129: 2520983 | B129: =VLOOKUP(A129,File!$A:$J,2,FALSE) -> Ayush Pratap Singh | C129: =VLOOKUP(A129,File!$A:$J,5,FALSE) -> 46210 | D129: =VLOOKUP(A129,File!$A:$J,3,FALSE) -> Male | E129: =VLOOKUP(A129,File!$A:$J,4,FALSE) -> FTE | F129: =VLOOKUP(A129,File!$A:$J,6,FALSE) -> Chennai | G129: =VLOOKUP(A129,File!$A:$J,7,FALSE) -> CS26CS008 | H129: =VLOOKUP(A129,File!$A:$J,8,FALSE) -> Kishorekumar P | I129: =VLOOKUP(A129,File!$A:$J,9,FALSE) -> 46323 | J129: =VLOOKUP(A129,File!$A:$K,11,FALSE) -> Oct 2026 | K129: =VLOOKUP(A129,File!$A:$K,10,FALSE) -> In-Training | L129: PG | M129: =VLOOKUP(A129,Response!$A:$M,7,) -> PG (Paying Guest) | N129: =VLOOKUP(A129,Response!$A:$M,8,) -> Ardenwood PG, Siruseri IT Park | O129: =VLOOKUP(A129,Response!$A:$M,10,) -> 4 | P129: =VLOOKUP(A129,Response!$A:$M,12,) -> No | Q129: =VLOOKUP(A129,Response!$A:$M,11,) -> Siruseri | R129: Siruseri | S129: Red
A130: 2531417 | B130: =VLOOKUP(A130,File!$A:$J,2,FALSE) -> R Rakshitha | C130: =VLOOKUP(A130,File!$A:$J,5,FALSE) -> 46252 | D130: =VLOOKUP(A130,File!$A:$J,3,FALSE) -> Female | E130: =VLOOKUP(A130,File!$A:$J,4,FALSE) -> FTE | F130: =VLOOKUP(A130,File!$A:$J,6,FALSE) -> Chennai | G130: =VLOOKUP(A130,File!$A:$J,7,FALSE) -> EPS26SAP036 | H130: =VLOOKUP(A130,File!$A:$J,8,FALSE) -> Vishnupriya Dakshnamurthy | I130: =VLOOKUP(A130,File!$A:$J,9,FALSE) -> 46335 | J130: =VLOOKUP(A130,File!$A:$K,11,FALSE) -> Nov 2026 | K130: =VLOOKUP(A130,File!$A:$K,10,FALSE) -> In-Training | L130: Home | M130: =VLOOKUP(A130,Response!$A:$M,7,) -> Permanent Residence (House/Home) | N130: =VLOOKUP(A130,Response!$A:$M,8,) -> Arunachala Apartments | O130: =VLOOKUP(A130,Response!$A:$M,10,) -> GF | P130: =VLOOKUP(A130,Response!$A:$M,12,) -> Yes | Q130: =VLOOKUP(A130,Response!$A:$M,11,) -> vadapalani | S130: N/A
A131: 2520988 | B131: =VLOOKUP(A131,File!$A:$J,2,FALSE) -> Afnan Khan | C131: =VLOOKUP(A131,File!$A:$J,5,FALSE) -> 46210 | D131: =VLOOKUP(A131,File!$A:$J,3,FALSE) -> Male | E131: =VLOOKUP(A131,File!$A:$J,4,FALSE) -> FTE | F131: =VLOOKUP(A131,File!$A:$J,6,FALSE) -> Chennai | G131: =VLOOKUP(A131,File!$A:$J,7,FALSE) -> CS26CS008 | H131: =VLOOKUP(A131,File!$A:$J,8,FALSE) -> Kishorekumar P | I131: =VLOOKUP(A131,File!$A:$J,9,FALSE) -> 46323 | J131: =VLOOKUP(A131,File!$A:$K,11,FALSE) -> Oct 2026 | K131: =VLOOKUP(A131,File!$A:$K,10,FALSE) -> In-Training | L131: PG | M131: =VLOOKUP(A131,Response!$A:$M,7,) -> PG (Paying Guest) | N131: =VLOOKUP(A131,Response!$A:$M,8,) -> AT RumaH PG - Tvh Terrahub, Siruseri | O131: =VLOOKUP(A131,Response!$A:$M,10,) -> 2 | P131: =VLOOKUP(A131,Response!$A:$M,12,) -> No | Q131: =VLOOKUP(A131,Response!$A:$M,11,) -> Siruseri | R131: Siruseri | S131: Red
A132: 2529790 | B132: =VLOOKUP(A132,File!$A:$J,2,FALSE) -> Subashree Ramesh | C132: =VLOOKUP(A132,File!$A:$J,5,FALSE) -> 46245 | D132: =VLOOKUP(A132,File!$A:$J,3,FALSE) -> Female | E132: =VLOOKUP(A132,File!$A:$J,4,FALSE) -> FTE | F132: =VLOOKUP(A132,File!$A:$J,6,FALSE) -> Chennai | G132: =VLOOKUP(A132,File!$A:$J,7,FALSE) -> CIS26MCPT021 | H132: =VLOOKUP(A132,File!$A:$J,8,FALSE) -> Uma Venkatachalam | I132: =VLOOKUP(A132,File!$A:$J,9,FALSE) -> 46364 | J132: =VLOOKUP(A132,File!$A:$K,11,FALSE) -> Dec 2026 | K132: =VLOOKUP(A132,File!$A:$K,10,FALSE) -> In-Training | L132: PG | M132: =VLOOKUP(A132,Response!$A:$M,7,) -> PG (Paying Guest) | N132: =VLOOKUP(A132,Response!$A:$M,8,) -> Aura ladies PG | O132: =VLOOKUP(A132,Response!$A:$M,10,) -> 2 | P132: =VLOOKUP(A132,Response!$A:$M,12,) -> Yes | Q132: =VLOOKUP(A132,Response!$A:$M,11,) -> Siruseri | R132: Siruseri | S132: Red
A133: 2531994 | B133: =VLOOKUP(A133,File!$A:$J,2,FALSE) -> Prethvi CR | C133: =VLOOKUP(A133,File!$A:$J,5,FALSE) -> 46254 | D133: =VLOOKUP(A133,File!$A:$J,3,FALSE) -> Female | E133: =VLOOKUP(A133,File!$A:$J,4,FALSE) -> FTE | F133: =VLOOKUP(A133,File!$A:$J,6,FALSE) -> Chennai | G133: =VLOOKUP(A133,File!$A:$J,7,FALSE) -> EPS26OSP011 | H133: =VLOOKUP(A133,File!$A:$J,8,FALSE) -> Gayathri Ramachandran | I133: =VLOOKUP(A133,File!$A:$J,9,FALSE) | J133: Dec 2026 | K133: =VLOOKUP(A133,File!$A:$K,10,FALSE) -> Training - ON Hold | L133: PG | M133: =VLOOKUP(A133,Response!$A:$M,7,) -> PG (Paying Guest) | N133: =VLOOKUP(A133,Response!$A:$M,8,) -> Aura nest Ladies Hostel - Siruseri | O133: =VLOOKUP(A133,Response!$A:$M,10,) -> 2 | P133: =VLOOKUP(A133,Response!$A:$M,12,) -> No | Q133: =VLOOKUP(A133,Response!$A:$M,11,) -> Siruseri | R133: Siruseri | S133: Red
A134: 2531389 | B134: =VLOOKUP(A134,File!$A:$J,2,FALSE) -> Yarnagula Iswarya Lakshmi | C134: =VLOOKUP(A134,File!$A:$J,5,FALSE) -> 46252 | D134: =VLOOKUP(A134,File!$A:$J,3,FALSE) -> Female | E134: =VLOOKUP(A134,File!$A:$J,4,FALSE) -> FTE | F134: =VLOOKUP(A134,File!$A:$J,6,FALSE) -> Chennai | G134: =VLOOKUP(A134,File!$A:$J,7,FALSE) -> CIS26AT007 | H134: =VLOOKUP(A134,File!$A:$J,8,FALSE) -> Uma Venkatachalam | I134: =VLOOKUP(A134,File!$A:$J,9,FALSE) -> 46365 | J134: =VLOOKUP(A134,File!$A:$K,11,FALSE) -> Dec 2026 | K134: =VLOOKUP(A134,File!$A:$K,10,FALSE) -> In-Training | L134: PG | M134: =VLOOKUP(A134,Response!$A:$M,7,) -> PG (Paying Guest) | N134: =VLOOKUP(A134,Response!$A:$M,8,) -> Aura nest ladies pg | O134: =VLOOKUP(A134,Response!$A:$M,10,) -> 2 | P134: =VLOOKUP(A134,Response!$A:$M,12,) -> No | Q134: =VLOOKUP(A134,Response!$A:$M,11,) -> Siruseri | R134: Siruseri | S134: Red
A135: 2529558 | B135: =VLOOKUP(A135,File!$A:$J,2,FALSE) -> Perugu Radha | C135: =VLOOKUP(A135,File!$A:$J,5,FALSE) -> 46245 | D135: =VLOOKUP(A135,File!$A:$J,3,FALSE) -> Female | E135: =VLOOKUP(A135,File!$A:$J,4,FALSE) -> FTE | F135: =VLOOKUP(A135,File!$A:$J,6,FALSE) -> Chennai | G135: =VLOOKUP(A135,File!$A:$J,7,FALSE) -> CIS26MCPT022 | H135: =VLOOKUP(A135,File!$A:$J,8,FALSE) -> Laksiya Vijayendran | I135: =VLOOKUP(A135,File!$A:$J,9,FALSE) -> 46359 | J135: =VLOOKUP(A135,File!$A:$K,11,FALSE) -> Dec 2026 | K135: =VLOOKUP(A135,File!$A:$K,10,FALSE) -> In-Training | L135: PG | M135: =VLOOKUP(A135,Response!$A:$M,7,) -> PG (Paying Guest) | N135: =VLOOKUP(A135,Response!$A:$M,8,) -> Aura Nest Ladies PG | O135: =VLOOKUP(A135,Response!$A:$M,10,) -> 4 | P135: =VLOOKUP(A135,Response!$A:$M,12,) -> No | Q135: =VLOOKUP(A135,Response!$A:$M,11,) -> Egattur | R135: Siruseri | S135: Red
A136: 2532969 | B136: =VLOOKUP(A136,File!$A:$J,2,FALSE) -> Seethini Bhavana | C136: =VLOOKUP(A136,File!$A:$J,5,FALSE) -> 46259 | D136: =VLOOKUP(A136,File!$A:$J,3,FALSE) -> Female | E136: =VLOOKUP(A136,File!$A:$J,4,FALSE) -> FTE | F136: =VLOOKUP(A136,File!$A:$J,6,FALSE) -> Chennai | G136: =VLOOKUP(A136,File!$A:$J,7,FALSE) -> CIS26AT008 | H136: =VLOOKUP(A136,File!$A:$J,8,FALSE) -> Uma Venkatachalam | I136: =VLOOKUP(A136,File!$A:$J,9,FALSE) -> 46365 | J136: =VLOOKUP(A136,File!$A:$K,11,FALSE) -> Dec 2026 | K136: =VLOOKUP(A136,File!$A:$K,10,FALSE) -> In-Training | L136: PG | M136: =VLOOKUP(A136,Response!$A:$M,7,) -> PG (Paying Guest) | N136: =VLOOKUP(A136,Response!$A:$M,8,) -> aura nest ladies pg, siruseri, sipcot it park | O136: =VLOOKUP(A136,Response!$A:$M,10,) -> 5 | P136: =VLOOKUP(A136,Response!$A:$M,12,) -> No | Q136: =VLOOKUP(A136,Response!$A:$M,11,) -> Siruseri | R136: Siruseri | S136: Red
A137: 2531976 | B137: =VLOOKUP(A137,File!$A:$J,2,FALSE) -> Pooja S | C137: =VLOOKUP(A137,File!$A:$J,5,FALSE) -> 46254 | D137: =VLOOKUP(A137,File!$A:$J,3,FALSE) -> Female | E137: =VLOOKUP(A137,File!$A:$J,4,FALSE) -> FTE | F137: =VLOOKUP(A137,File!$A:$J,6,FALSE) -> Chennai | G137: =VLOOKUP(A137,File!$A:$J,7,FALSE) -> CS26CS012 | H137: =VLOOKUP(A137,File!$A:$J,8,FALSE) -> Laksiya Vijayendran | I137: =VLOOKUP(A137,File!$A:$J,9,FALSE) -> 46343 | J137: =VLOOKUP(A137,File!$A:$K,11,FALSE) -> Nov 2026 | K137: =VLOOKUP(A137,File!$A:$K,10,FALSE) -> In-Training | L137: PG | M137: =VLOOKUP(A137,Response!$A:$M,7,) -> PG (Paying Guest) | N137: =VLOOKUP(A137,Response!$A:$M,8,) -> Aura nest pf for ladies | O137: =VLOOKUP(A137,Response!$A:$M,10,) -> 5 | P137: =VLOOKUP(A137,Response!$A:$M,12,) -> No | Q137: =VLOOKUP(A137,Response!$A:$M,11,) -> Siruseri | R137: Siruseri | S137: Red
A138: 2526171 | B138: =VLOOKUP(A138,File!$A:$J,2,FALSE) -> Vaishnavi Vikas Deshmukhe | C138: =VLOOKUP(A138,File!$A:$J,5,FALSE) -> 46231 | D138: =VLOOKUP(A138,File!$A:$J,3,FALSE) -> Female | E138: =VLOOKUP(A138,File!$A:$J,4,FALSE) -> FTE | F138: =VLOOKUP(A138,File!$A:$J,6,FALSE) -> Chennai | G138: =VLOOKUP(A138,File!$A:$J,7,FALSE) -> EPS26WD005 | H138: =VLOOKUP(A138,File!$A:$J,8,FALSE) -> Vishnupriya Dakshnamurthy | I138: =VLOOKUP(A138,File!$A:$J,9,FALSE) -> 46332 | J138: =VLOOKUP(A138,File!$A:$K,11,FALSE) -> Nov 2026 | K138: =VLOOKUP(A138,File!$A:$K,10,FALSE) -> In-Training | L138: PG | M138: =VLOOKUP(A138,Response!$A:$M,7,) -> PG (Paying Guest) | N138: =VLOOKUP(A138,Response!$A:$M,8,) -> Aura Nest Pg | O138: =VLOOKUP(A138,Response!$A:$M,10,) -> 2 | P138: =VLOOKUP(A138,Response!$A:$M,12,) -> No | Q138: =VLOOKUP(A138,Response!$A:$M,11,) -> Egattur | R138: Siruseri | S138: Red
A139: 2529541 | B139: =VLOOKUP(A139,File!$A:$J,2,FALSE) -> Revati Sree P | C139: =VLOOKUP(A139,File!$A:$J,5,FALSE) -> 46245 | D139: =VLOOKUP(A139,File!$A:$J,3,FALSE) -> Female | E139: =VLOOKUP(A139,File!$A:$J,4,FALSE) -> FTE | F139: =VLOOKUP(A139,File!$A:$J,6,FALSE) -> Chennai | G139: =VLOOKUP(A139,File!$A:$J,7,FALSE) -> CIS26MCPT023 | H139: =VLOOKUP(A139,File!$A:$J,8,FALSE) -> Kishorekumar P | I139: =VLOOKUP(A139,File!$A:$J,9,FALSE) -> 46359 | J139: =VLOOKUP(A139,File!$A:$K,11,FALSE) -> Dec 2026 | K139: =VLOOKUP(A139,File!$A:$K,10,FALSE) -> In-Training | L139: PG | M139: =VLOOKUP(A139,Response!$A:$M,7,) -> PG (Paying Guest) | N139: =VLOOKUP(A139,Response!$A:$M,8,) -> Aura Nest PG - Sipcot | O139: =VLOOKUP(A139,Response!$A:$M,10,) -> 5 | P139: =VLOOKUP(A139,Response!$A:$M,12,) -> No | Q139: =VLOOKUP(A139,Response!$A:$M,11,) -> Sholinganallur | R139: Sholinganallur | S139: Red
A140: 2526156 | B140: =VLOOKUP(A140,File!$A:$J,2,FALSE) -> Neha Namdev Kale | C140: =VLOOKUP(A140,File!$A:$J,5,FALSE) -> 46231 | D140: =VLOOKUP(A140,File!$A:$J,3,FALSE) -> Female | E140: =VLOOKUP(A140,File!$A:$J,4,FALSE) -> FTE | F140: =VLOOKUP(A140,File!$A:$J,6,FALSE) -> Chennai | G140: =VLOOKUP(A140,File!$A:$J,7,FALSE) -> EPS26WD005 | H140: =VLOOKUP(A140,File!$A:$J,8,FALSE) -> Vishnupriya Dakshnamurthy | I140: =VLOOKUP(A140,File!$A:$J,9,FALSE) -> 46332 | J140: =VLOOKUP(A140,File!$A:$K,11,FALSE) -> Nov 2026 | K140: =VLOOKUP(A140,File!$A:$K,10,FALSE) -> In-Training | L140: PG | M140: =VLOOKUP(A140,Response!$A:$M,7,) -> PG (Paying Guest) | N140: =VLOOKUP(A140,Response!$A:$M,8,) -> Aura Nest Pg for Ladies | O140: =VLOOKUP(A140,Response!$A:$M,10,) -> 2 | P140: =VLOOKUP(A140,Response!$A:$M,12,) -> No | Q140: =VLOOKUP(A140,Response!$A:$M,11,) -> Egattur | R140: Siruseri | S140: Red
A141: 2532917 | B141: =VLOOKUP(A141,File!$A:$J,2,FALSE) -> Yasarla Jahnavi | C141: =VLOOKUP(A141,File!$A:$J,5,FALSE) -> 46259 | D141: =VLOOKUP(A141,File!$A:$J,3,FALSE) -> Female | E141: =VLOOKUP(A141,File!$A:$J,4,FALSE) -> FTE | F141: =VLOOKUP(A141,File!$A:$J,6,FALSE) -> Chennai | G141: =VLOOKUP(A141,File!$A:$J,7,FALSE) -> CIS26MBG006 | H141: =VLOOKUP(A141,File!$A:$J,8,FALSE) -> Angel Maria Faustina Gomez | I141: =VLOOKUP(A141,File!$A:$J,9,FALSE) -> 46367 | J141: =VLOOKUP(A141,File!$A:$K,11,FALSE) -> Dec 2026 | K141: =VLOOKUP(A141,File!$A:$K,10,FALSE) -> In-Training | L141: PG | M141: =VLOOKUP(A141,Response!$A:$M,7,) -> PG (Paying Guest) | N141: =VLOOKUP(A141,Response!$A:$M,8,) -> Aura Nest PG for ladies | O141: =VLOOKUP(A141,Response!$A:$M,10,) -> 2 | P141: =VLOOKUP(A141,Response!$A:$M,12,) -> No | Q141: =VLOOKUP(A141,Response!$A:$M,11,) -> Siruseri | R141: Siruseri | S141: Red
A142: 2533076 | B142: =VLOOKUP(A142,File!$A:$J,2,FALSE) -> Chittiprolu Navya Sri | C142: =VLOOKUP(A142,File!$A:$J,5,FALSE) -> 46259 | D142: =VLOOKUP(A142,File!$A:$J,3,FALSE) -> Female | E142: =VLOOKUP(A142,File!$A:$J,4,FALSE) -> FTE | F142: =VLOOKUP(A142,File!$A:$J,6,FALSE) -> Chennai | G142: =VLOOKUP(A142,File!$A:$J,7,FALSE) -> CIS26MBG005 | H142: =VLOOKUP(A142,File!$A:$J,8,FALSE) -> Angel Maria Faustina Gomez | I142: =VLOOKUP(A142,File!$A:$J,9,FALSE) -> 46367 | J142: =VLOOKUP(A142,File!$A:$K,11,FALSE) -> Dec 2026 | K142: =VLOOKUP(A142,File!$A:$K,10,FALSE) -> In-Training | L142: PG | M142: =VLOOKUP(A142,Response!$A:$M,7,) -> PG (Paying Guest) | N142: =VLOOKUP(A142,Response!$A:$M,8,) -> AURA NEST PG FOR LADIES | O142: =VLOOKUP(A142,Response!$A:$M,10,) -> 2 | P142: =VLOOKUP(A142,Response!$A:$M,12,) -> No | Q142: =VLOOKUP(A142,Response!$A:$M,11,) -> Siruseri | R142: Siruseri | S142: Red
A143: 2531954 | B143: =VLOOKUP(A143,File!$A:$J,2,FALSE) -> Ambapali Datta | C143: =VLOOKUP(A143,File!$A:$J,5,FALSE) -> 46254 | D143: =VLOOKUP(A143,File!$A:$J,3,FALSE) -> Female | E143: =VLOOKUP(A143,File!$A:$J,4,FALSE) -> FTE | F143: =VLOOKUP(A143,File!$A:$J,6,FALSE) -> Chennai | G143: =VLOOKUP(A143,File!$A:$J,7,FALSE) -> CS26CS011 | H143: =VLOOKUP(A143,File!$A:$J,8,FALSE) -> Kishorekumar P | I143: =VLOOKUP(A143,File!$A:$J,9,FALSE) -> 46343 | J143: =VLOOKUP(A143,File!$A:$K,11,FALSE) -> Nov 2026 | K143: =VLOOKUP(A143,File!$A:$K,10,FALSE) -> In-Training | L143: PG | M143: =VLOOKUP(A143,Response!$A:$M,7,) -> PG (Paying Guest) | N143: =VLOOKUP(A143,Response!$A:$M,8,) -> Aura Nest PG For Ladies | O143: =VLOOKUP(A143,Response!$A:$M,10,) -> 5 | P143: =VLOOKUP(A143,Response!$A:$M,12,) -> No | Q143: =VLOOKUP(A143,Response!$A:$M,11,) -> Siruseri | R143: Siruseri | S143: Red
A144: 2530201 | B144: =VLOOKUP(A144,File!$A:$J,2,FALSE) -> Krithika Vivekanandan | C144: =VLOOKUP(A144,File!$A:$J,5,FALSE) -> 46247 | D144: =VLOOKUP(A144,File!$A:$J,3,FALSE) -> Female | E144: =VLOOKUP(A144,File!$A:$J,4,FALSE) -> FTE | F144: =VLOOKUP(A144,File!$A:$J,6,FALSE) -> Chennai | G144: =VLOOKUP(A144,File!$A:$J,7,FALSE) -> EPS26OSP010 | H144: =VLOOKUP(A144,File!$A:$J,8,FALSE) -> Vishnupriya Dakshnamurthy | I144: =VLOOKUP(A144,File!$A:$J,9,FALSE) -> 46357 | J144: =VLOOKUP(A144,File!$A:$K,11,FALSE) -> Dec 2026 | K144: =VLOOKUP(A144,File!$A:$K,10,FALSE) -> In-Training | L144: PG | M144: =VLOOKUP(A144,Response!$A:$M,7,) -> PG (Paying Guest) | N144: =VLOOKUP(A144,Response!$A:$M,8,) -> AURA NEST PG FOR LADIES 86 3rd Cross Street, SIRUSERI, Chennai, Tamil Nadu 600047 | O144: =VLOOKUP(A144,Response!$A:$M,10,) -> 2 | P144: =VLOOKUP(A144,Response!$A:$M,12,) -> Yes | Q144: =VLOOKUP(A144,Response!$A:$M,11,) -> Siruseri | R144: Siruseri | S144: Red
A145: 2521813 | B145: =VLOOKUP(A145,File!$A:$J,2,FALSE) -> Nakka Divya Tejaswi | C145: =VLOOKUP(A145,File!$A:$J,5,FALSE) -> 46212 | D145: =VLOOKUP(A145,File!$A:$J,3,FALSE) -> Female | E145: =VLOOKUP(A145,File!$A:$J,4,FALSE) -> FTE | F145: =VLOOKUP(A145,File!$A:$J,6,FALSE) -> Chennai | G145: =VLOOKUP(A145,File!$A:$J,7,FALSE) -> ADM26MF010 | H145: =VLOOKUP(A145,File!$A:$J,8,FALSE) -> Thomas Naveen. J | I145: =VLOOKUP(A145,File!$A:$J,9,FALSE) -> 46328 | J145: =VLOOKUP(A145,File!$A:$K,11,FALSE) -> Nov 2026 | K145: =VLOOKUP(A145,File!$A:$K,10,FALSE) -> In-Training | L145: PG | M145: =VLOOKUP(A145,Response!$A:$M,7,) -> PG (Paying Guest) | N145: =VLOOKUP(A145,Response!$A:$M,8,) -> AURA NEST PG FOR LADIES, EGATTUR | O145: =VLOOKUP(A145,Response!$A:$M,10,) -> 2 | P145: =VLOOKUP(A145,Response!$A:$M,12,) -> No | Q145: =VLOOKUP(A145,Response!$A:$M,11,) -> Egattur | R145: Siruseri | S145: Red
... A147: 2529798 | B147: =VLOOKUP(A147,File!$A:$J,2,FALSE) -> Panakala Kavya | C147: =VLOOKUP(A147,File!$A:$J,5,FALSE) -> 46245 | D147: =VLOOKUP(A147,File!$A:$J,3,FALSE) -> Female | E147: =VLOOKUP(A147,File!$A:$J,4,FALSE) -> FTE | F147: =VLOOKUP(A147,File!$A:$J,6,FALSE) -> Chennai | G147: =VLOOKUP(A147,File!$A:$J,7,FALSE) -> CIS26AZ001 | H147: =VLOOKUP(A147,File!$A:$J,8,FALSE) -> Ashiya Begam S | I147: =VLOOKUP(A147,File!$A:$J,9,FALSE) -> 46335 | J147: =VLOOKUP(A147,File!$A:$K,11,FALSE) -> Nov 2026 | K147: =VLOOKUP(A147,File!$A:$K,10,FALSE) -> In-Training | L147: PG | M147: =VLOOKUP(A147,Response!$A:$M,7,) -> PG (Paying Guest) | N147: =VLOOKUP(A147,Response!$A:$M,8,) -> Aura Nest Pg for ladies, Sipcot | O147: =VLOOKUP(A147,Response!$A:$M,10,) -> 2 | P147: =VLOOKUP(A147,Response!$A:$M,12,) -> No | Q147: =VLOOKUP(A147,Response!$A:$M,11,) -> Siruseri | R147: Siruseri | S147: Red
...

Sheet Response
A1: 1 | B1: 2 | C1: 3 | D1: 4 | E1: 5 | F1: 6 | G1: 7 | H1: 8 | I1: 9 | J1: 10 | K1: 11 | L1: 12 | M1: 13
A2: ID2 | B2: Full Name (As per ID Card) Collected to accurately identify and contact associates during emergency situations and business continuity events. | C2: Your Mobile Number Collected to facilitate timely communication and coordination during emergencies, safety incidents, or business continuity events. | D2: Emergency Contact Mobile Number (Other than yours) Collected to enable communication with your designated emergency contact if you are unreachable during an emergency situation. | E2: Relationship with Emergency Contact You Have Shared Collected to understand your relationship with the emergency contact provided and facilitate appropriate communication during emergency situati... | F2: Primary Mode of Transport for Daily Commute to Office / Training Location Collected to understand commuting arrangements and support transportation-related contingency planning during emergency s... | G2: Current Accommodation Type Collected to understand your current living arrangement and support emergency preparedness and business continuity planning. | H2: Residence / Accommodation Name Collected to accurately identify your current place of residence and facilitate location-based support during emergencies. Example: Pasanga Paradise PG - Branch 1... | I2: Current Staying Address Collected to identify your current location and support emergency communication, safety measures, and business continuity response activities. Example: Pasanga Paradise ... | J2: Floor Number / Level Collected to help identify your exact location within the residence and support emergency response and evacuation planning when required. Examples: Ground Floor, 1st Floor,... | K2: Nearest Emergency Pickup / Nodal Point Collected to identify the nearest assembly or pickup location that may be used for emergency communication, transportation, and response activities. | L2: Do you have any relatives, friends, or guardians residing in Chennai who can provide temporary accommodation during emergency situations? Collected to assess the availability of local support and... | M2: Comments (If Any) Please provide any additional information that may be relevant for emergency preparedness, associate safety, or business continuity planning.
A3: 2529534 | B3: Dharanakumar V | C3: 9500093765 | D3: 9445450062 | E3: Parent | F3: Public Transport | G3: Permanent Residence (House/Home) | H3: - | I3: 23/1, Sunkuwar Lane, Triplicane, Chennai - 600005 | J3: 1 | K3: Karapakkam | L3: Yes | M3: -
A4: 2441374 | B4: Lawrance M | C4: 9585987522 | D4: 9486402432 | E4: Parent | F4: Company Transport (Shuttle) | G4: Rented House/Apartment | H4: - | I4: 3/68, 3rd Block, 4th Street, Mogappair West, Chennai-600037 | J4: 1 | K4: Wavin bus stop | L4: Yes
A5: 2531975 | B5: Roslin Nihara M | C5: 9363586357 | D5: 9940546955 | E5: Parent | F5: Public Transport | G5: Permanent Residence (House/Home) | I5: 3/11, KOTHARI NAGAR,1ST STREET, RAMAPURAM, CHENNAI:600089 | J5: GF | K5: RAMAPURAM | L5: Yes
A6: 2530216 | B6: Lipika c | C6: 9080030668 | D6: 9176674307 | E6: Parent | F6: Company Transport (Shuttle) | G6: PG (Paying Guest) | H6: Aura Nest Pg For Ladies | I6: Aura Nest Pg For Ladies 86-b, Mamoothiamman Street, City Park, Near Tcs New Building, Third Cross Road, Siruseri, Chennai-603103, Tamil Nadu | J6: 2 | K6: Egattur | L6: Yes | M6: none
A7: 2521623 | B7: Sana Sumera | C7: 8328355283 | D7: 9948165630 | E7: Parent | F7: Own Transport | G7: Hostel | H7: Aura Nest Pg For Ladies | I7: Aura Nest Pg for Ladies, 86-b, Mamoothiamman Street, City Park, Near Tcs New Building, Third Cross Road, Siruseri, Chennai-603103, Tamil Nadu. | J7: 2 | K7: Egattur | L7: No
A8: 2521079 | B8: Nalamothu Rishith | C8: 9391596766 | D8: 9393855851 | E8: Parent | F8: Company Transport (Shuttle) | G8: PG (Paying Guest) | H8: CNR GENTS PG BRANCH-1 | I8: CNR GENTS PG BRANCH-1, Mamoothiamman, 3rd St, Egattur, Tamil Nadu 603103 | J8: 3 | K8: Siruseri | L8: No
A9: 2507506 | B9: Rudra Naga Gani Varalakshmi Harika | C9: 7901545112 | D9: 9603397078 | E9: Parent | F9: Company Transport (Shuttle) | G9: PG (Paying Guest) | H9: Dheekshith Ladies Pg. | I9: Dheekshith Ladies Pg ,4/189, Periyar St, Uthandi, Egattur, Chennai-603103, Tamil Nadu . | J9: 2 | K9: Egattur | L9: No
A10: 2485951 | B10: Chaitanya Prakash Ghatbandhe | C10: 8080062382 | D10: 7276476809 | E10: Sibling | F10: Company Transport (Shuttle) | G10: PG (Paying Guest) | H10: Pasanga Paradise PG - Branch 1, Egattur | I10: Pasanga Paradise PG, Branch 1, Gangai Amman Kovil Street, Egattur, Siruseri, Tamil Nadu - 603103 | J10: 4 | K10: Egattur | L10: No
A11: 2521631 | B11: B Likith Vardhan Reddy | C11: 9347809128 | D11: 8897433271 | E11: Parent | F11: Company Transport (Shuttle) | G11: PG (Paying Guest) | H11: S S Gents Pg | I11: S S Gents Pg No 95 A, S S Gents Pg, City Park Sipcot, Mamoothy Amman Kovil 3rd Street, Sirucheri, Chennai-603103, Tamil Nadu https://jsdl.in/DT-20SESSXI1XT | J11: 4 | K11: Siruseri | L11: No | M11: lokesh - 863964472 roommate
A12: 2533065 | B12: Sri Venkat Nichenametla | C12: 7989497816 | D12: 9704435151 | E12: Parent | F12: Company Transport (Shuttle) | G12: PG (Paying Guest) | H12: Siddhus premium Mens pg | I12: Siddhus premium Mens pg, No 89c, city park layout, 3rd left street, egattur, siruseri, chennai, tamil nadu - 603103 | J12: 4 | K12: Siruseri | L12: Yes
A13: 2521700 | B13: Megha Roy | C13: 8240603936 | D13: 8910031982 | E13: Sibling | F13: Company Transport (Shuttle) | G13: PG (Paying Guest) | H13: Sns Pg For Ladies | I13: Sns Pg For Ladies 1/115, Panzhadiamman Kovilstreet, Egattur, Navalur, Chennai-600130, Tamil Nadu | J13: 3 | K13: Egattur | L13: No | M13: Likith Vardhan : 9347809128
A14: 2523372 | B14: Aditya Prabhakar Deshmukh | C14: 7385672298 | D14: 9420707746 | E14: Parent | F14: Company Transport (Shuttle) | G14: PG (Paying Guest) | H14: Soma Mens Stay | I14: Soma Mens Stay PLOT NO.15 B6, Soma Mens Stay, Sipcot IT Park, City Park Layout, 2nd Lane, Mamoothiamman St, Siruseri, Chennai-603103, Tamil Nadu https://jsdl.in/DT-20R2MCVYMKQ | J14: GF | K14: Siruseri | L14: Yes
A15: 2533210 | B15: VARSHA KODADI | C15: 9346977641 | D15: 9032735482 | E15: Parent | F15: Company Transport (Shuttle) | G15: PG (Paying Guest) | H15: UniQ PG | I15: UniQ PG, Dr Ambedkar St (near Gangaiamman Kovil Street), beside the street of Zaitoon Restaurant, Siruseri, Chennai, Tamil Nadu 600130 | J15: 2 | K15: Egattur | L15: No
A16: 2531306 | B16: Nishanthi K | C16: 7845252533 | D16: 9444681653 | E16: Parent | F16: Own Transport | G16: Permanent Residence (House/Home) | H16: "X" Block | I16: No: 14, "X" Block, RV Nagar, Jafferkhanpet, Chennai-600083 | J16: 1 | K16: Ashok Piller | L16: Yes
A17: 2521700 | B17: Megha Roy | C17: 8240603936 | D17: 8910031982 | E17: Sibling | F17: Company Transport (Shuttle) | G17: PG (Paying Guest) | H17: 1/115, Panzhadiamman Kovilstreet, Egattur, Navalur, Chennai-600130, Tamil Nadu | I17: 1/115, Panzhadiamman Kovilstreet, Egattur, Navalur, Chennai-600130, Tamil Nadu | J17: 3 | K17: Egattur | L17: No | M17: Roommate no: 7735844693 (Mauzila Nayek)
A18: 2521297 | B18: Buela Sindhu | C18: 9963122910 | D18: 9247837106 | E18: Parent | F18: Company Transport (Shuttle) | G18: PG (Paying Guest) | H18: 1/210a, Dr Ambedkar St, Egattur, Chennai, Tamil Nadu 600130 | I18: 1/210a, Dr Ambedkar St, Egattur, Chennai, Tamil Nadu 600130 | J18: 3 | K18: Egattur | L18: No
A19: 2523419 | B19: UZMA JABEEN SYED RAZA ALI | C19: 9657387047 | D19: 8237859277 | E19: Sibling | F19: Company Transport | G19: PG (Paying Guest) | H19: 1/210a, SRS Luxury PG for Ladies Branch 2, Dr. Ambedkar Street, Egattur | I19: 1/210a, SRS Luxury PG for Ladies, Dr. Ambedkar Street, Egattur, Siruseri, Tamil Nadu - 603103 | J19: 2 | K19: Egattur | L19: No
A20: 2523379 | B20: Abilash A | C20: 9344350896 | D20: 9791463769 | E20: Friend | F20: Public Transport | G20: Rented House/Apartment | H20: 1/749, Maruthi Nagar, Perungudi, Chennai 600096 | I20: 1/749, Maruthi Nagar, Perungudi, Chennai 600096 | J20: 1 | K20: Thoraipakkam | L20: Yes
A21: 2521836 | B21: Karan Saxena | C21: 9889262823 | D21: 8957980504 | E21: Sibling | F21: Company Transport (Shuttle) | G21: Relatives Residence | H21: 102B Greenwood, Hiranandani, Egattur | I21: 102B Greenwood, Hiranandani, Egattur | J21: 1 | K21: Egattur | L21: Yes
A22: 2521836 | B22: Karan Saxena | C22: 9889262823 | D22: 8102974622 | E22: Sibling | F22: Company Transport (Shuttle) | G22: Relatives Residence | H22: 102B Greenwood, Hiranandani, Egatur | I22: 102B Greenwood, Hiranandani, Egatur | J22: 1 | K22: Egattur | L22: Yes
A23: 2532952 | B23: Mallakuppam Manendra | C23: 6304733852 | D23: 7993484014 | E23: Parent | F23: Own Transport | G23: PG (Paying Guest) | H23: 105, Happy Homes Mens PG city park, Egatoor, Siruseri, Tamil Nadu 603103 | I23: 105, Happy Homes Mens PG city park, Egatoor, Siruseri, Tamil Nadu 603103 | J23: 1 | K23: Egattur | L23: No
A24: 2472446 | B24: Mohamed Harish | C24: 8220950542 | D24: 7200444061 | E24: Parent | F24: Company Transport (Shuttle) | G24: Rented House/Apartment | H24: 12 A, Sai Annai Avenue, Madha nagar, Madhananthapuram, Porur, Chennai | I24: 12 A, Sai Annai Avenue, Madha nagar, Madhananthapuram, Porur, Chennai | J24: 2 | K24: Porur | L24: No
A25: 2529576 | B25: Tharun B | C25: 9342709956 | D25: 9941566224 | E25: Parent | F25: Public Transport | G25: Rented House/Apartment | H25: 12/14 Rama rao garden 1st street royapettah chennai-14 | I25: 12/14 Rama rao garden 1st street royapettah chennai-14 | J25: GF | K25: Royapettah | L25: Yes
A26: 2521188 | B26: Meghana S | C26: 9019848955 | D26: 9535644152 | E26: Parent | F26: Company Transport (Shuttle) | G26: Rented House/Apartment | H26: 1-285, Sonachalam street, Rajiv Gandhi salai, OMR, Chennai-600130 | I26: 1-285, Sonachalam street, Rajiv Gandhi salai, OMR, Chennai-600130 | J26: 2 | K26: Navalur | L26: No
A27: 2521188 | B27: Meghana S | C27: 9019848955 | D27: 9535644152 | E27: Parent | F27: Company Transport (Shuttle) | G27: Rented House/Apartment | H27: 1-285, Sonachalam street, Rajiv Gandhi salai, OMR, Chennai-600130 | I27: 1-285, Sonachalam street, Rajiv Gandhi salai, OMR, Chennai-600130 | J27: 2 | K27: Navalur | L27: No
A28: 2521188 | B28: Meghana S | C28: 9019848955 | D28: 9535644152 | E28: Parent | F28: Company Transport (Shuttle) | G28: Rented House/Apartment | H28: 1-285, Sonachalam street, Rajiv Gandhi salai, OMR, Chennai-600130 | I28: 1-285, Sonachalam street, Rajiv Gandhi salai, OMR, Chennai-600130 | J28: 2 | K28: Navalur | L28: No
A29: 2523447 | B29: Saravanan A | C29: 7598027746 | D29: 9487537746 | E29: Parent | F29: Public Transport | G29: PG (Paying Guest) | H29: 13 A, Narayanan Gents PG, Srivijayaganapathy nagar, mayana salai, navalur - 600130 | I29: 13 A, Narayanan Gents PG, Srivijayaganapathy nagar, mayana salai, navalur - 600130 | J29: 3 | K29: Navalur | L29: No
A30: 2523416 | B30: Balakumaran Bommudurai | C30: 6381778820 | D30: 9943673263 | E30: Parent | F30: Public Transport | G30: Rented House/Apartment | H30: 14 Valluvar high road ,subash nagar,chromepet,600044 | I30: 14 Valluvar high road ,subash nagar,chromepet,600044 | J30: 1 | K30: Chromepet | L30: Yes
A31: 2437335 | B31: Viveka Preethi | C31: 9080537060 | D31: 9600129080 | E31: Spouse | F31: Company Transport (Shuttle) | G31: Rented House/Apartment | H31: 18/A, Chandra Illam, Venkatachalapathy Street, Sembakkam - 600 073 | I31: 18/A, Chandra Illam, Venkatachalapathy Street, Sembakkam - 600 073 | J31: 1 | K31: Medavakkam | L31: Yes | M31: Nil
A32: 2521255 | B32: Vikil Reddy Vangala | C32: 9505616743 | D32: 789377371 | E32: Parent | F32: Company Transport (Shuttle) | G32: PG (Paying Guest) | H32: 1st Left , Sipcot IT park , city park layout, Plot no - 56P, Siruseri , Egattur , Tamilnadu 603103 | I32: 1st Left , Sipcot IT park , city park layout, Plot no - 56P, Siruseri , Egattur , Tamilnadu 603103 | J32: 1 | K32: Siruseri | L32: No
A33: 2532911 | B33: Billakanti Mokshith | C33: 9573761703 | D33: 9849384269 | E33: Parent | F33: Company Transport (Shuttle) | G33: PG (Paying Guest) | H33: 1st Left, Sipcot It Park, City Park Layout, Plot No -56P, Siruseri, Egattur, TamilNadu 603103 | I33: 1st Left, Sipcot It Park, City Park Layout, Plot No -56P, Siruseri, Egattur, TamilNadu 603103 | J33: 1 | K33: Siruseri | L33: No
A34: 2530219 | B34: Venkata Thejeswar Reddy Yerasu | C34: 9059025079 | D34: 6381245534 | E34: Sibling | F34: Public Transport | G34: Rented House/Apartment | H34: 1st street backside of the JS Global School, NO1 lake view point, Rajiv Gandhi salai,Ponniamman ,sholinganallur | I34: 1st street backside of the JS Global School, NO1 lake view point, Rajiv Gandhi salai, sholinganallur, Tamilnadu | J34: GF | K34: Sholinganallur | L34: No
A35: 2315792 | B35: Adarsh J Nair | C35: 6380216432 | D35: 9150760027 | E35: Parent | F35: Own Transport | G35: Permanent Residence (House/Home) | H35: 2/55. Thiruvalluvar street , Navalur | I35: 2/55. Thiruvalluvar street , Navalur , 600130 | J35: 1 | K35: Navalur | L35: No | M35: NA
A36: 2533141 | B36: Srimattirumalapeddinti Sai Bala Harini | C36: 7995615118 | D36: 9959873888 | E36: Sibling | F36: Company Transport (Shuttle) | G36: PG (Paying Guest) | H36: 206,4th floor,New Vaishnavi elite pg,egattur,siruseri,tambaram district | I36: 206,4th floor,New Vaishnavi elite pg, egattur, siruseri , tambaram district ,tamil nadu | J36: 4 | K36: Egattur | L36: No
A37: 2533023 | B37: Girija Sai Siri Cherukuri | C37: 8919546878 | D37: 8143120465 | E37: Sibling | F37: Company Transport (Shuttle) | G37: PG (Paying Guest) | H37: 206,Vaishnavi Elite PG-Chennai,Egattur | I37: 206,Vaishnavi Elite PG, Gangai Amman Kovil Street, Egattur, Siruseri, Tamil Nadu - 603103 | J37: GF | K37: Egattur | L37: No
A38: 2531986 | B38: Narasani Udaya Teja | C38: 6301074771 | D38: 9036400498 | E38: Sibling | F38: Company Transport (Shuttle) | G38: PG (Paying Guest) | H38: 25, St Thomas St,near Navalur, Tollgate, Egattur, Chennai | I38: 25, St Thomas St,near Navalur, Tollgate, Egattur, Chennai | J38: GF | K38: Navalur | L38: No
A39: 2521370 | B39: Maddila Keerthana | C39: 7989655434 | D39: 7661043579 | E39: Parent | F39: Company Transport (Shuttle) | G39: PG (Paying Guest) | H39: 4/187, Periyar Street, Old Mahabalipuram Road, Egattur, Chennai, Tamil Nadu 600130 | I39: 4/187, Periyar Street, Old Mahabalipuram Road, Egattur, Chennai, Tamil Nadu 600130 | J39: 3 | K39: Egattur | L39: No
A40: 2521065 | B40: Dadiboina Deepika | C40: 6281477470 | D40: 8688827347 | E40: Parent | F40: Company Transport (Shuttle) | G40: PG (Paying Guest) | H40: 4/201, Sai teja ladies hostel | I40: periyar Street, Uthandi, Egattur, Chengalpattu, Tamil Nadu, 600130 | J40: 3 | K40: Egattur | L40: No
A41: 2516807 | B41: Meghana N S | C41: 8904188928 | D41: 9900368646 | E41: Parent | F41: Company Transport (Shuttle) | G41: PG (Paying Guest) | H41: 4/203 , Muthu Rekha Building,Gangai Amman kovil street,Egattur, Landmark, Siruseri, Chennai, Tamil Nadu 603103 | I41: 4/203 , Muthu Rekha Building,Gangai Amman kovil street,Egattur, Landmark, Siruseri, Chennai, Tamil Nadu 603103 | J41: 3 | K41: Siruseri | L41: No
A42: 2516807 | B42: Meghana N S | C42: 8904188928 | D42: 9900368646 | E42: Parent | F42: Company Transport (Shuttle) | G42: PG (Paying Guest) | H42: 4/203 , Muthu Rekha Building,Gangai Amman kovil street,Egattur, Landmark, Siruseri, Chennai, Tamil Nadu 603103· | I42: 4/203 , Muthu Rekha Building,Gangai Amman kovil street,Egattur, Landmark, Siruseri, Chennai, Tamil Nadu 603103 | J42: 3 | K42: Siruseri | L42: No
A43: 2533228 | B43: Sivaraj S | C43: 8148394845 | D43: 9442604845 | E43: Parent | F43: Company Transport (Shuttle) | G43: PG (Paying Guest) | H43: 4/238, Gangai Amman Kovil St, Egatur, Siruseri, Tamil Nadu 600130 | I43: 4/238, Gangai Amman Kovil St, Egatur, Siruseri, Tamil Nadu 600130 | J43: 1 | K43: Egattur | L43: Yes
A44: 2524635 | B44: Arunthava Raj A | C44: 9344645397 | D44: 9283338901 | E44: Parent | F44: Public Transport | G44: Rented House/Apartment | H44: 4/453, plot no 2 | I44: 4/453, plot no 2 swaminathan nagar 1st main road kottivakkam chennai 41 | J44: GF | K44: Thiruvanmiyur | L44: Yes
A45: 2470770 | B45: Athira P | C45: 8680015740 | D45: 8667238869 | E45: Spouse | F45: Company Transport (Shuttle) | G45: Rented House/Apartment | H45: 4/820 A D/no 1 Angalamman Kovil 2nd Street, Mambakkam, Kolathur road Chennai 6000127 | I45: 4/820 A D/no 1 Angalamman Kovil 2nd Street, Mambakkam, Kolathur road Chennai 6000127 | J45: 0 | K45: Mambakkam | L45: No
A46: 2519656 | B46: HAJARA KAMILA M | C46: 9025922681 | D46: 8015832198 | E46: Parent | F46: Public Transport | G46: Relatives Residence | H46: 42/78, 3rd main road, Venkateswara Nagar, Velachery. | I46: 42/78, 3rd main road, Venkateswara Nagar, Velachery,600042. | J46: GF | K46: Velachery. | L46: No
A47: 2521118 | B47: SRI RAM SANKAR T S | C47: 9677365164 | D47: 8610907425 | E47: Parent | F47: Company Transport (Shuttle) | G47: PG (Paying Guest) | H47: 4th Floor, Vishvas Professional Stays, Plot No 34B, City Park, Egattur, Chennai, Tamil Nadu - 603130. | I47: 4th Floor, Vishvas Professional Stays, Plot No 34B, City Park, Egattur, Chennai, Tamil Nadu - 603130. | J47: 4 | K47: Siruseri | L47: Yes | M47: Uncle house is present in Perungudi.
A48: 2529802 | B48: Mulla Sai Nadha swamy 9177 | C48: 9177997378 | D48: 9618727575 | E48: Parent | F48: Own Transport | G48: PG (Paying Guest) | H48: 4th stree , Aadhilakshmi PG for gents ,Egattur, | I48: Aadhilakshmi PG for Gents,4th street,Tvh Teerahub,Plot no 47 | J48: 4 | K48: Egattur | L48: No
A49: 2529606 | B49: Mohamed Anish J | C49: 9585317767 | D49: 9894132743 | E49: Parent | F49: Own Transport | G49: Relatives Residence | H49: 5/112 Annai Indira Nagar, Thoraipakkam ,Chennai | I49: 5/112 Annai Indira Nagar, Thiruvalluvar street, Thoraipakkam ,Chennai, Tamil Nadu | J49: GF | K49: Siruseri | L49: Yes | M49: Nil
A50: 2441381 | B50: Laksiya Vijayendran | C50: 7433933555 | D50: 9737562061 | E50: Parent | F50: Company Transport (Shuttle) | G50: Permanent Residence (House/Home) | H50: 5/121, 4th Main Road, Otteri extension, Vandalur, 600048 | I50: 5/121, 4th Main Road, Otteri extension, Vandalur, 600048 | J50: 0 | K50: Kilambakkam | L50: Yes | M50: -
A51: 2525028 | B51: Sumit Vishwakarma | C51: 8423869436 | D51: 8423869436 | E51: Friend | F51: Public Transport | G51: PG (Paying Guest) | H51: 503, Brospace Phoenix premium mens PG indra gandhi street navalur | I51: 503, Brospace Phoenix premium mens PG indra gandhi street navalur | J51: 5 | K51: Navalur | L51: Yes | M51: NA
A52: 2525028 | B52: Sumit Vishwakarma | C52: 8423869436 | D52: 7355527911 | E52: Sibling | F52: Public Transport | G52: PG (Paying Guest) | H52: 503, Brospace Phoenix premium mens PG indra gandhi street navalur | I52: 503, Brospace Phoenix premium mens PG indra gandhi street navalur | J52: 5 | K52: Navalur | L52: No | M52: NA
A53: 2507421 | B53: sanjay kumar E | C53: 7200401636 | D53: 9566210347 | E53: Parent | F53: Own Transport | G53: Permanent Residence (House/Home) | H53: 8A , manikandan 2nd street,porur | I53: 8A , manikandan 2nd street,porur | J53: GF | K53: porur | L53: Yes
A54: 2533081 | B54: GUVVALA ASREETHA | C54: 9347285016 | D54: 9063724579 | E54: Parent | F54: Company Transport (Shuttle) | G54: PG (Paying Guest) | H54: a | I54: SRS Ladies Hostel, PG for ladies, opp Marina Mall, Main, Egattur, Tamil Nadu 600130 | J54: 1 | K54: Siruseri | L54: Yes
A55: 2529597 | B55: kandula siva pratap | C55: 9010902015 | D55: 9177691881 | E55: Spouse | F55: Own Transport | G55: PG (Paying Guest) | H55: AADHI LAKSHMI PG FOR GENTS , Egattur | I55: 4th Street, Aadilakshmi PG For Gents, Tvh Terrahub, LAYOUT, Egattur, Chennai, Tamil Nadu | J55: 2 | K55: Egattur | L55: No | M55: na
A56: 2531818 | B56: Ashish Sriniwas Prasad | C56: 9724814235 | D56: 9998703689 | E56: Parent | F56: Company Transport (Shuttle) | G56: PG (Paying Guest) | H56: AADHI LAKSHMI PG FOR GENTS , Egattur | I56: Aadhi Lakshmi Gents PG, Plot 47, 4th Street, TVH Terra Hub, Siruseri, Chennai - 603103 | J56: 6 | K56: Siruseri | L56: No
A57: 2529630 | B57: Prashant Dhanaji Narale | C57: 9359807250 | D57: 9370544419 | E57: Sibling | F57: Company Transport (Shuttle) | G57: PG (Paying Guest) | H57: AADHI LAKSHMI PG FOR GENTS , Egattur | I57: Aadhi Lakshmi Gents pg ,plot 47 4th street , tvh, Terra Hub, Siruseri, Chennai | J57: 1 | K57: Siruseri | L57: No | M57: NA
A58: 2533170 | B58: Prem Sai Adigopula | C58: 8247343749 | D58: 9515400919 | E58: Sibling | F58: Company Transport (Shuttle) | G58: PG (Paying Guest) | H58: AADHI LAKSHMI PG FOR GENTS , Egattur | I58: Aaadhi Lakshmi PG for gents , Plot. 47, 4th Street, TVH Terra Hub, Siruseri, Chennai, TamilNadu - 603103 | J58: 1 | K58: Siruseri | L58: No
A59: 2531848 | B59: jathin kumar sahu | C59: 8074656319 | D59: 9177366124 | E59: Parent | F59: Own Transport | G59: PG (Paying Guest) | H59: AADHI LAKSHMI PG FOR GENTS , Egattur | I59: aadhi lakshmi pg, tvh terrahub, navalur lake road, sipcot it park, siruseri, chennai, tamilnadu, 603103 | J59: 4 | K59: Siruseri | L59: No
A60: 2529565 | B60: Yashas M | C60: 9449259580 | D60: 7204402828 | E60: Parent | F60: Company Transport (Shuttle) | G60: PG (Paying Guest) | H60: AADHI LAKSHMI PG FOR GENTS , Egattur | I60: Aadhi lakshmi PG, Plot 47, 4th Street, TVH Terra hub, siruseri, chennai | J60: 2 | K60: Egattur | L60: No
A61: 2531832 | B61: Lokesh Rajmal Thakare | C61: 9356962296 | D61: 9665641564 | E61: Parent | F61: Company Transport (Shuttle) | G61: PG (Paying Guest) | H61: AADHI LAKSHMI PG FOR GENTS , Egattur | I61: Aadhilakshi PG for Gents, Plot No. 47, 4th Street, TVH Terrahub, Egattur, Chennai | J61: 4 | K61: Siruseri | L61: No
A62: 252611 | B62: MANIKANTAREDDY MUPPIDI | C62: 6302832198 | D62: 9705750123 | E62: Parent | F62: Own Transport | G62: PG (Paying Guest) | H62: AADHI LAKSHMI PG FOR GENTS , Egattur | I62: 4th Street, Aadilakshmi PG For Gents, Tvh Terrahub, LAYOUT, Egattur, Chennai, Tamil Nadu | J62: 2 | K62: Siruseri | L62: No
A63: 2529611 | B63: MUPPIDI MANIKANTA REDDY | C63: 6302832198 | D63: 9290527775 | E63: Parent | F63: Own Transport | G63: PG (Paying Guest) | H63: AADHI LAKSHMI PG FOR GENTS , Egattur | I63: 4th Street, Aadilakshmi PG For Gents, Tvh Terrahub, LAYOUT, Egattur, Chennai, Tamil Nadu | J63: 2 | K63: Siruseri | L63: No
A64: 2430410 | B64: Gayathri S | C64: 8129558833 | D64: 8129558822 | E64: Spouse | F64: Company Transport (Shuttle) | G64: Rented House/Apartment | H64: Aarabi Couture, Nanganallur | I64: 39 B, Aarabi couture, Poonthottam 1st street, Nanganallur, Chennai 61 | J64: 2 | K64: Vetri Velan Theatre, Nanganallur | L64: Yes | M64: Nil
A65: 2388504 | B65: Ajiesya DP | C65: 6369462610 | D65: 9047485310 | E65: Parent | F65: Company Transport (Shuttle) | G65: PG (Paying Guest) | H65: Abi Ladies PG, Thoraipakkam | I65: Abi Ladies PG, 5/256, Vivekananda Nagar, Madha Koil Street, Thoraipakkam, Chennai - 600097 | J65: 2 | K65: Karapakkam | L65: Yes
A66: 2533152 | B66: Shaik Irfan | C66: 7032990901 | D66: 9985130905 | E66: Parent | F66: Company Transport (Shuttle) | G66: PG (Paying Guest) | H66: AADHI LAKSHMI PG FOR GENTS , Egattur | I66: adhi Lakshmi gents pg 4th street, TVH Tetra Hub, siruseri IT Park, chennai, Tamil nadu 603103 | J66: 1 | K66: Siruseri | L66: No
A67: 2533154 | B67: Bommisetti Mahendra | C67: 7386476270 | D67: 6300376271 | E67: Parent | F67: Own Transport | G67: PG (Paying Guest) | H67: Adhi lakshmi pg for gents | I67: Adhi lakshmi pg for gents, near Mohamed sathak A.J college of engineering, Egattur, TamilNadu 603103 | J67: 1 | K67: Egattur | L67: No
A68: 2531448 | B68: Gummidi Sampath Kumar | C68: 9392995907 | D68: 9908840215 | E68: Guardian | F68: Own Transport | G68: PG (Paying Guest) | H68: AADHI LAKSHMI PG FOR GENTS , Egattur | I68: 4th street, Aadilakshmi PG Gents, Tvh terrahub, plot no 47, Egattur, Siruseri, Chennai, Tamil Nadu 603103 | J68: 4 | K68: Siruseri | L68: No
A69: 2532902 | B69: Santosh Dhurpat Narwad | C69: 8605177819 | D69: 7757819482 | E69: Parent | F69: Public Transport | G69: PG (Paying Guest) | H69: AADHI LAKSHMI PG FOR GENTS , Egattur | I69: Adhi Laxmi Gents PG, Near Tera hub, Egattur, Siruseri, Tamil Nadu - 603103 | J69: 2 | K69: Egattur | L69: No
A70: 2521130 | B70: Patnam Harika | C70: 7569712187 | D70: 9703530107 | E70: Parent | F70: Company Transport (Shuttle) | G70: PG (Paying Guest) | H70: Aditi Womens Hostel, Egattur | I70: Aditi Womens Hostel, OMR, Egatoor, 146A, Rajiv Gandhi Salai, Chennai, Tamil Nadu, 600130 | J70: 1 | K70: Egattur | L70: No
A71: 2522854 | B71: Nandika Sakthi V | C71: 6374975957 | D71: 8220707210 | E71: Parent | F71: Company Transport (Shuttle) | G71: PG (Paying Guest) | H71: Aditi Womens Hostel, Egattur | I71: Aditi Womens Hostel, OMR, Egattur,146A, Rajiv Gandhi Salai, Chennai. | J71: 2 | K71: Siruseri | L71: Yes
A72: 2531280 | B72: Rethanya C | C72: 9087848046 | D72: 9952484276 | E72: Sibling | F72: Company Transport (Shuttle) | G72: PG (Paying Guest) | H72: Aditi Womens Hostel, Egattur | I72: OMR, Egatoor, 146A, Rajiv Gandhi Salai, Chennai, Tamil Nadu 600130 | J72: 3 | K72: Siruseri | L72: Yes
A73: 2531280 | B73: Rethanya C | C73: 9087848046 | D73: 9952484276 | E73: Sibling | F73: Company Transport (Shuttle) | G73: PG (Paying Guest) | H73: Aditi Womens Hostel, Egattur | I73: OMR, Egatoor, 146A, Rajiv Gandhi Salai, Chennai, Tamil Nadu 600130 | J73: 3 | K73: Siruseri | L73: Yes
A74: 2531280 | B74: Rethanya C | C74: 9087848046 | D74: 9952484276 | E74: Sibling | F74: Company Transport (Shuttle) | G74: PG (Paying Guest) | H74: Aditi Womens Hostel, Egattur | I74: 146-A, Rajiv Gandhi Salai (OMR), Egattur, Siruseri, Chennai - 603103 | J74: 3 | K74: Siruseri | L74: Yes
A75: 2533066 | B75: Saranya C R | C75: 8903509435 | D75: 9563930355 | E75: Parent | F75: Company Transport (Shuttle) | G75: PG (Paying Guest) | H75: Aditi Womens Hostel, Egattur | I75: Aditi Womens Hostel, 146A, Rajiv Gandhi Salai, Egatoor, OMR, Chennai, Tamil Nadu | J75: 1 | K75: Egattur | L75: Yes
A76: 2521107 | B76: Mude Jansi | C76: 9391102037 | D76: 9959756945 | E76: Parent | F76: Company Transport (Shuttle) | G76: PG (Paying Guest) | H76: Aditi Womens Hostel, Egattur | I76: 1/150, Rajiv Gandhi Salai (OMR), Egattur-600130. | J76: 1 | K76: Egattur | L76: No
A77: 2393392 | B77: Gayathri Ramachandran | C77: 6380946868 | D77: 7904634006 | E77: Relative | F77: Own Transport | G77: PG (Paying Guest) | H77: Aditi women's hostel, Egattur | I77: Aditi women's hostel, 146-A, Rajiv Gandhi Salai (OMR),Egattur, Siruseri, Tamilnadu - 600130 | J77: 0 | K77: Egattur | L77: No
A78: 2474464 | B78: Nanthini Ganapathy | C78: 9677375780 | D78: 9444061534 | E78: Parent | F78: Company Transport (Shuttle) | G78: PG (Paying Guest) | H78: Aditi Women's Hostel, Egattur | I78: Aditi Womens Hostel, OMR, Egatoor, 146A, Rajiv Gandhi Salai, Chennai, Tamil Nadu 600130 | J78: GF | K78: Egattur | L78: Yes | M78: My PG is located opposite Marina Mall.
A79: 2388500 | B79: Uma Venkatachalam | C79: 8778759722 | D79: 9486960922 | E79: Parent | F79: Own Transport | G79: PG (Paying Guest) | H79: Aditi Women's Pg - Branch 1, Egattur | I79: Aditi Women's Pg - Branch 1, Opp to Marina Mall, Near to Abi's Biryani, Egattur, Siruseri, Tamilnadu - 600130 | J79: 1 | K79: Egattur | L79: No
A80: 2532927 | B80: Somana Sindhu lahari | C80: 6281831985 | D80: 8978310247 | E80: Parent | F80: Company Transport (Shuttle) | G80: PG (Paying Guest) | H80: aditi womens pg, egatur | I80: aditi womens pg , egatur , tamilnadu | J80: 1 | K80: Egattur | L80: No | M80: nope
A81: 2512363 | B81: Rodrigues Serena | C81: 6301684619 | D81: 8977343437 | E81: Parent | F81: Company Transport (Shuttle) | G81: PG (Paying Guest) | H81: AG Womens PG - brach 1, egattur | I81: AG Womens PG, branch 1, pazhandiamman kovil street, opp to marina mall, eggatur, siruseri, tamil nadu-603103 | J81: 2 | K81: Egattur | L81: No
A82: 2524665 | B82: M ALAGU DIVYA SHREE | C82: 7868905310 | D82: 9688385580 | E82: Parent | F82: Company Transport (Shuttle) | G82: PG (Paying Guest) | H82: AG Womens PG ,Egattur | I82: AG Womens PG, Aadithya Arcade, Rajiv Gandhi Salai, OMR, Egattur, Chennai, TamilNadu - 631203 | J82: 1 | K82: Egattur | L82: No
A83: 2533215 | B83: lakshmi sree chegondi | C83: 9912096935 | D83: 9849524421 | E83: Parent | F83: Company Transport (Shuttle) | G83: PG (Paying Guest) | H83: AJ Ladies Hostel | I83: AJ Ladies hostel, Chennai ,SIPCORT,Dr.Ambedhkar,primary panchayat,1st street ,Muthukadu,chennai 600 045,Tamil Nadu . | J83: GF | K83: Egattur | L83: No
A84: 2533179 | B84: Miriyala Jaya Satya Susmitha | C84: 7386320009 | D84: 9553843816 | E84: Sibling | F84: Company Transport (Shuttle) | G84: PG (Paying Guest) | H84: AJ LADIES HOSTEL | I84: AJ LADIES HOSTEL,CHENNAI,SIPCORT,DR.AMBEDKAR,PRIMARY PANCHAYAT,1ST STREET,MUTHUKADU,CHENNAI,TAMIL NADU 600130 | J84: GF | K84: Navalur | L84: No | M84: NO
A85: 2533157 | B85: Anuhya Kondapalli | C85: 6309768916 | D85: 9948968916 | E85: Parent | F85: Company Transport (Shuttle) | G85: PG (Paying Guest) | H85: Aj ladies hostel | I85: Aj ladies hostel Chennai , SIPCORT , Dr Ambedhkar , primary panchayat , 1st street , Muthukadu , Chennai , TamilNadu 600130 | J85: GF | K85: Egattur | L85: No | M85: During normal time we are coming by walk it is taking around 10 minutes to reach the bus shuttles so when there is an emergency situation just provide the necessary facilities to reach the cognizant bus shuttles
A86: 2521834 | B86: Mahesh Mekala | C86: 7702828787 | D86: 9179620587 | E86: Sibling | F86: Public Transport | G86: Relatives Residence | H86: AKKARAI BACE, SAI BABA GARDEN, AKKARAI | I86: AKKARAI BACE, SAI DWARAKA, SAI BABA GARDEN, 215/9, AKKARAI, INJAMBAKKAM, CHENNAI, TAMIL NADU, 600119 | J86: GF | K86: Akkarai | L86: No
A87: 2532932 | B87: VISHALAKSHI SUDHAKAR MUTHULAKSHMI | C87: 6369220493 | D87: 9363034724 | E87: Parent | F87: Public Transport | G87: Permanent Residence (House/Home) | H87: ALLIANCE HUMMING GARDEN VILLA NO 171 | I87: ALLIANCE HUMMING GARDEN VILLA NO 171 KELAMBAKKAM CHENNAI 603103 | J87: GF | K87: Kelambakkam | L87: No
A88: 2531408 | B88: Ananya Vats | C88: 6369596069 | D88: 9087699924 | E88: Parent | F88: Own Transport | G88: Permanent Residence (House/Home) | H88: Alliance Orchid Springs | I88: 12A11, pine block, alliance orchid spring, no 54, water canal road, Korattur, Chennai 600076 | J88: 13 | K88: Korattur | L88: Yes
A89: 2526610 | B89: Ashwin Sundar V S | C89: 9025009577 | D89: 9585538937 | E89: Parent | F89: Public Transport | G89: PG (Paying Guest) | H89: Amar garden, 1/15 M.R Ratha road, pudupakkam, Tamilnadu. | I89: 603103 | J89: 1 | K89: Siruseri | L89: Yes
A90: 2530223 | B90: Rohith Boorla | C90: 9392512922 | D90: 9490815742 | E90: Parent | F90: Company Transport | G90: PG (Paying Guest) | H90: Amaravathi gents hostel, Periyar street, Egatur | I90: Amaravathi gents hostel, Periyar street, Egatur, Siruseri,Tamil Nadu - 603101 | J90: 2 | K90: Egattur | L90: No
A91: 2516799 | B91: PONNATHOTA CHARAN VARDHAN REDDY | C91: 9392727535 | D91: 9949702048 | E91: Parent | F91: Company Transport (Shuttle) | G91: PG (Paying Guest) | H91: Amaravati Gents PG - Egattur | I91: Amaravati Gents PG, Periyar Street, Egattur, Siruseri, Tamil Nadu - 603103 | J91: 1 | K91: Egattur | L91: No
A92: 2519678 | B92: Aiswarya Dinesan | C92: 9037284259 | D92: 9746480259 | E92: Parent | F92: Public Transport | G92: Hostel | H92: Ambika Nest Hostel, Siruseri | I92: Ambika Nest Hostel, 35, Thrivalluvar salai, Siruseri, 603103 | J92: 1 | K92: Siruseri | L92: No
A93: 2521183 | B93: Lerisa A Kalghatgi | C93: 8088657421 | D93: 9901711451 | E93: Parent | F93: Public Transport | G93: PG (Paying Guest) | H93: ambika Nest Ladies PG, Siruseri | I93: Ambika Nest Womens Hostel 35, Thrivalluvar salai, sipcot, near Siruseri, Vanniachavadi, Chennai, Tamil Nadu | J93: GF | K93: Siruseri | L93: No
A94: 2511301 | B94: Mohamed yhahiya hidayathulla | C94: 9384842109 | D94: 9488494054 | E94: Sibling | F94: Own Transport | G94: PG (Paying Guest) | H94: ambika nest mens hostel | I94: 37, Thiruvalluvar Salai, vanianchavadi, Kalipattur, Tamil Nadu 603103 | J94: 3 | K94: Egattur | L94: No
A95: 2533183 | B95: Balaji S | C95: 9597824968 | D95: 9790624968 | E95: Parent | F95: Own Transport | G95: PG (Paying Guest) | H95: Ambika Nest PG, Siruseri | I95: 37, Thiruvalluvar Salai, vanianchavadi, Kalipattur, Tamil Nadu 603103 | J95: 3 | K95: Siruseri | L95: No
A96: 2524637 | B96: DEBATRI PAL | C96: 9007178811 | D96: 7980871103 | E96: Parent | F96: Own Transport | G96: PG (Paying Guest) | H96: Ambika Nest Womens Hostel | I96: No.37, Thiruvalluvar Salai, Vanivanchavadi, Siruseri SIPCOT 2nd main road, OMR, Chennai - 603103 | J96: 1 | K96: Siruseri | L96: No | M96: NONE
A97: 2526597 | B97: Sowmiya B | C97: 7448452359 | D97: 9843216788 | E97: Sibling | F97: Own Transport | G97: PG (Paying Guest) | H97: Ambika nest Womens hostel | I97: 35, Thiruvalluvaar salai, Siruseri sipcot IT park, vannianchavadi, chennai 603103. | J97: 1 | K97: Siruseri | L97: No
A98: 2526593 | B98: sumitha s | C98: 8825826864 | D98: 9994370253 | E98: Parent | F98: Own Transport | G98: PG (Paying Guest) | H98: Ambika nest womens hostel | I98: 35, thiruvallar salai siruseri Sipcot IT park, Vannianchavadi,chennai 603103 | J98: 1 | K98: Siruseri | L98: Yes | M98: NA
A99: 2533226 | B99: Anushreea De | C99: 8013410225 | D99: 9831910482 | E99: Parent | F99: Public Transport | G99: PG (Paying Guest) | H99: Ambika Nest Womens Hostel | I99: Ambika Nest Womens Hostel, 35, Thiruvalluvar salai, Sipcot, near Siruserri, vannianchavadi, Chennai, Tamil Nadu 603103 | J99: 1 | K99: Siruseri | L99: No
A100: 2521697 | B100: Pooja Anil Bhanage | C100: 8459914821 | D100: 9623919896 | E100: Parent | F100: Public Transport | G100: Hostel | H100: Ambika Nest Womens Hostel | I100: Ambika Nest Womens Hostel, 35, Thiruvalluvar salai, Sipcot, near Siruserri, vannianchavadi, Chennai, Tamil Nadu - 603112 | J100: GF | K100: Siruseri | L100: No
...

Sheet File
A1: 1 | B1: 2 | C1: 3 | D1: 4 | E1: 5 | F1: 6 | G1: 7 | H1: 8 | I1: 9 | J1: 10 | K1: 11
A2: Associate Id | B2: Name | C2: Gender | D2: Joiners Type | E2: DOJ | F2: Joining Location | G2: Cohort Code | H2: Coach Name | I2: Revised - Tentative Release Date | J2: Final Status | K2: Tentative/Actual Release Month
A3: 2476045 | B3: Jui Sachin Shaha | C3: Female | D3: FTE | E3: 46042 | F3: Chennai | G3: EPS26OSPAT004 | H3: Paul Franklin | I3: 46203 | J3: Training - ON Hold
A4: 2478572 | B4: Aman LNU | C4: Male | D4: CSD | E4: 46254 | F4: Chennai | G4: INTFE26FE002 | H4: Muhil Indrajith | I4: 46310 | J4: In-Training | K4: Oct 2026
A5: 2479335 | B5: Surya Pratap Singh | C5: Male | D5: CSD | E5: 46254 | F5: Chennai | G5: INTFE26FE002 | H5: Muhil Indrajith | I5: 46310 | J5: In-Training | K5: Oct 2026
A6: 2479361 | B6: B Archana | C6: Female | D6: CSD | E6: 46254 | F6: Chennai | G6: INTFE26FE001 | H6: Grace Esther S | I6: 46310 | J6: In-Training | K6: Oct 2026
A7: 2479396 | B7: Daggupati Nirali | C7: Female | D7: CSD | E7: 46254 | F7: Chennai | G7: INTFE26FE001 | H7: Grace Esther S | I7: 46310 | J7: In-Training | K7: Oct 2026
A8: 2479899 | B8: Rutuja Satish Kohale | C8: Female | D8: FTE | E8: 46053 | F8: Chennai | G8: ADM26ISMO010 | H8: Thomas Naveen. J | I8: 46301 | J8: In-Training | K8: Oct 2026
A9: 2480129 | B9: Adnan Ahemad Navidoddin Sayyad | C9: Male | D9: CSD | E9: 46254 | F9: Chennai | G9: INTFE26FE001 | H9: Grace Esther S | I9: 46310 | J9: In-Training | K9: Oct 2026
A10: 2480265 | B10: Kunal Ashok Choure | C10: Male | D10: CSD | E10: 46254 | F10: Chennai | G10: INTFE26FE002 | H10: Muhil Indrajith | I10: 46310 | J10: In-Training | K10: Oct 2026
A11: 2480270 | B11: Sushant Sanjay Ambekar | C11: Male | D11: CSD | E11: 46254 | F11: Chennai | G11: INTFE26FE002 | H11: Muhil Indrajith | I11: 46310 | J11: In-Training | K11: Oct 2026
A12: 2480307 | B12: Nandhitha B | C12: Female | D12: CSD | E12: 46254 | F12: Chennai | G12: INTFE26FE001 | H12: Grace Esther S | I12: 46310 | J12: In-Training | K12: Oct 2026
A13: 2481699 | B13: Sivasakthi S | C13: Male | D13: FTE | E13: 46058 | F13: Chennai | G13: CS26CS008 | H13: Kishorekumar P | I13: 46323 | J13: In-Training | K13: Oct 2026
A14: 2484070 | B14: Umar Ashif M | C14: Male | D14: FTE | E14: 46067 | F14: Chennai | G14: QEA26QEPT023 | H14: Sweta Thoppil | I14: 46314 | J14: In-Training | K14: Oct 2026
A15: 2485779 | B15: Naman,Modi | C15: Male | D15: CSD | E15: 46254 | F15: Chennai | G15: INTFE26FE002 | H15: Muhil Indrajith | I15: 46310 | J15: In-Training | K15: Oct 2026
... A1000: 2526174 | B1000: Abinaya Ramesh | C1000: Female | D1000: FTE | E1000: 46231 | F1000: Chennai | G1000: CIS26DWP024 | H1000: Lakavath Udhaya Bhavana | I1000: 46286 | J1000: In-Training | K1000: Sep 2026
A1001: 2526590 | B1001: Soniya Satish Mate | C1001: Female | D1001: FTE | E1001: 46233 | F1001: Chennai | G1001: QEA26JP001 | H1001: Ajiesya D P | J1001: Training - ON Hold
A1002: 2526591 | B1002: Rupesh Kailas Deshmukh | C1002: Male | D1002: FTE | E1002: 46233 | F1002: Chennai | G1002: QEA26JP002 | H1002: Ajiesya D P | J1002: Training - ON Hold
A1003: 2526592 | B1003: Krishnaraj G | C1003: Male | D1003: FTE | E1003: 46233 | F1003: Chennai | G1003: QEA26JP001 | H1003: Ajiesya D P | J1003: Training - ON Hold
A1004: 2526593 | B1004: Sumitha S | C1004: Female | D1004: FTE | E1004: 46233 | F1004: Chennai | G1004: QEA26JP001 | H1004: Ajiesya D P | J1004: Training - ON Hold
A1005: 2526594 | B1005: Rahul M | C1005: Male | D1005: FTE | E1005: 46233 | F1005: Chennai | G1005: QEA26JP001 | H1005: Ajiesya D P | J1005: Training - ON Hold
A1006: 2526595 | B1006: Shashwath Shankar R | C1006: Male | D1006: FTE | E1006: 46233 | F1006: Chennai | G1006: QEA26JP001 | H1006: Ajiesya D P | J1006: Training - ON Hold
A1007: 2526597 | B1007: Sowmiya B | C1007: Female | D1007: FTE | E1007: 46233 | F1007: Chennai | G1007: QEA26JP001 | H1007: Ajiesya D P | J1007: Training - ON Hold
A1008: 2526600 | B1008: Chetan Dipak Patil | C1008: Male | D1008: FTE | E1008: 46233 | F1008: Chennai | G1008: QEA26JP001 | H1008: Ajiesya D P | J1008: Training - ON Hold
A1009: 2526602 | B1009: Lagad Sampada Santosh | C1009: Female | D1009: FTE | E1009: 46233 | F1009: Chennai | G1009: QEA26JP002 | H1009: Ajiesya D P | J1009: Training - ON Hold
A1010: 2526610 | B1010: Ashwin Sundar V S | C1010: Male | D1010: FTE | E1010: 46233 | F1010: Chennai | G1010: QEA26JP001 | H1010: Ajiesya D P | J1010: Training - ON Hold
A1011: 2526615 | B1011: Janarthanan T | C1011: Male | D1011: FTE | E1011: 46233 | F1011: Chennai | G1011: QEA26JP002 | H1011: Ajiesya D P | J1011: Training - ON Hold
A1012: 2526621 | B1012: Sahil Ashok Thorat | C1012: Male | D1012: FTE | E1012: 46233 | F1012: Chennai | G1012: QEA26JP001 | H1012: Ajiesya D P | J1012: Training - ON Hold
A1013: 2529490 | B1013: Ragul A | C1013: Male | D1013: FTE | E1013: 46245 | F1013: Chennai | G1013: CIS26MCPT021 | H1013: Uma Venkatachalam | I1013: 46364 | J1013: In-Training | K1013: Dec 2026
A1014: 2529492 | B1014: Sivapavani Vara | C1014: Female | D1014: FTE | E1014: 46245 | F1014: Chennai | G1014: CIS26MCPT021 | H1014: Uma Venkatachalam | I1014: 46364 | J1014: In-Training | K1014: Dec 2026
A1015: 2529493 | B1015: Vaibhav Santosh Babar | C1015: Male | D1015: FTE | E1015: 46245 | F1015: Chennai | G1015: CIS26MCPT025 | H1015: Vignesh S | I1015: 46359 | J1015: In-Training | K1015: Dec 2026
A1016: 2529494 | B1016: Nikhil Sanjay Jadhav | C1016: Male | D1016: FTE | E1016: 46245 | F1016: Chennai | G1016: CIS26MCPT021 | H1016: Uma Venkatachalam | I1016: 46364 | J1016: In-Training | K1016: Dec 2026
A1017: 2529495 | B1017: Supreeth A S | C1017: Male | D1017: FTE | E1017: 46245 | F1017: Chennai | G1017: CIS26MCPT024 | H1017: Ashiya Begam S | I1017: 46359 | J1017: In-Training | K1017: Dec 2026
A1018: 2529498 | B1018: Amin Nashir Shaikh | C1018: Male | D1018: FTE | E1018: 46245 | F1018: Chennai | G1018: CIS26MCPT026 | H1018: Mohamed Harish | I1018: 46364 | J1018: In-Training | K1018: Dec 2026
A1019: 2529499 | B1019: Ramya Varshini GH | C1019: Female | D1019: FTE | E1019: 46245 | F1019: Chennai | G1019: CIS26MCPT024 | H1019: Ashiya Begam S | I1019: 46359 | J1019: In-Training | K1019: Dec 2026
A1020: 2529500 | B1020: Mylavarapu Chaitanya Sandeep | C1020: Male | D1020: FTE | E1020: 46245 | F1020: Chennai | G1020: CIS26MCPT026 | H1020: Mohamed Harish | I1020: 46364 | J1020: In-Training | K1020: Dec 2026
A1021: 2529504 | B1021: Akiri Sai Deepika | C1021: Female | D1021: FTE | E1021: 46245 | F1021: Chennai | G1021: CIS26MCPT024 | H1021: Ashiya Begam S | I1021: 46359 | J1021: In-Training | K1021: Dec 2026
A1022: 2529506 | B1022: Samarth Somnath Unde | C1022: Male | D1022: FTE | E1022: 46245 | F1022: Chennai | G1022: CIS26MCPT023 | H1022: Kishorekumar P | I1022: 46359 | J1022: In-Training | K1022: Dec 2026
A1023: 2529507 | B1023: Rosshan N R | C1023: Male | D1023: FTE | E1023: 46245 | F1023: Chennai | G1023: CIS26MCPT022 | H1023: Laksiya Vijayendran | I1023: 46359 | J1023: In-Training | K1023: Dec 2026
A1024: 2529508 | B1024: Deepika S | C1024: Female | D1024: FTE | E1024: 46245 | F1024: Chennai | G1024: CIS26MCPT022 | H1024: Laksiya Vijayendran | I1024: 46359 | J1024: In-Training | K1024: Dec 2026
... A1384: 2531816 | B1384: Parigi Rajshekar | C1384: Male | D1384: FTE | E1384: 46254 | F1384: Chennai | G1384: CS26CS012 | H1384: Laksiya Vijayendran | I1384: 46343 | J1384: In-Training | K1384: Nov 2026
A1385: 2531817 | B1385: Devika Sobana Raj Valsala Kumary | C1385: Female | D1385: FTE | E1385: 46254 | F1385: Chennai | G1385: EPS26OSP011 | H1385: Gayathri Ramachandran | J1385: Training - ON Hold
A1386: 2531818 | B1386: Ashish Sriniwas Prasad | C1386: Male | D1386: FTE | E1386: 46254 | F1386: Chennai | G1386: CS26CS012 | H1386: Laksiya Vijayendran | I1386: 46343 | J1386: In-Training | K1386: Nov 2026
A1387: 2531819 | B1387: Sarvesh Sanjay Patil | C1387: Male | D1387: FTE | E1387: 46254 | F1387: Chennai | G1387: CS26CS011 | H1387: Kishorekumar P | I1387: 46343 | J1387: In-Training | K1387: Nov 2026
A1388: 2531820 | B1388: Pranjal Ramesh Tanpure | C1388: Female | D1388: FTE | E1388: 46254 | F1388: Chennai | G1388: CS26CS011 | H1388: Kishorekumar P | I1388: 46343 | J1388: In-Training | K1388: Nov 2026
A1389: 2531821 | B1389: Palak Jain | C1389: Female | D1389: FTE | E1389: 46254 | F1389: Chennai | G1389: CS26CS011 | H1389: Kishorekumar P | I1389: 46343 | J1389: In-Training | K1389: Nov 2026
A1390: 2531822 | B1390: Rahul Raj R | C1390: Male | D1390: FTE | E1390: 46254 | F1390: Chennai | G1390: EPS26OSP011 | H1390: Gayathri Ramachandran | J1390: Training - ON Hold
A1391: 2531823 | B1391: Avula Amarnath Reddy | C1391: Male | D1391: FTE | E1391: 46254 | F1391: Chennai | G1391: CS26CS012 | H1391: Laksiya Vijayendran | I1391: 46343 | J1391: In-Training | K1391: Nov 2026
A1392: 2531824 | B1392: Sahil Chandrakant Chirme | C1392: Male | D1392: FTE | E1392: 46254 | F1392: Chennai | G1392: CS26CS012 | H1392: Laksiya Vijayendran | I1392: 46343 | J1392: In-Training | K1392: Nov 2026
A1393: 2531825 | B1393: Sachin S S | C1393: Male | D1393: FTE | E1393: 46254 | F1393: Chennai | G1393: CS26CS011 | H1393: Kishorekumar P | I1393: 46343 | J1393: In-Training | K1393: Nov 2026
A1394: 2531826 | B1394: Raghav Kothari | C1394: Male | D1394: FTE | E1394: 46254 | F1394: Chennai | G1394: CS26CS011 | H1394: Kishorekumar P | I1394: 46343 | J1394: In-Training | K1394: Nov 2026
A1395: 2531827 | B1395: Abhinav K G | C1395: Male | D1395: FTE | E1395: 46254 | F1395: Chennai | G1395: CS26CS012 | H1395: Laksiya Vijayendran | I1395: 46343 | J1395: In-Training | K1395: Nov 2026
A1396: 2531828 | B1396: Ananya Keshava | C1396: Female | D1396: FTE | E1396: 46254 | F1396: Chennai | G1396: CS26CS012 | H1396: Laksiya Vijayendran | I1396: 46343 | J1396: In-Training | K1396: Nov 2026
A1397: 2531829 | B1397: Prathmesh Subhash Khandare | C1397: Male | D1397: FTE | E1397: 46254 | F1397: Chennai | G1397: CS26CS011 | H1397: Kishorekumar P | I1397: 46343 | J1397: In-Training | K1397: Nov 2026
A1398: 2531830 | B1398: Sanket Mahesh Shewalkar | C1398: Male | D1398: FTE | E1398: 46254 | F1398: Chennai | G1398: CS26CS011 | H1398: Kishorekumar P | I1398: 46343 | J1398: In-Training | K1398: Nov 2026
A1399: 2531831 | B1399: Mahesh Ravindra Gaikwad | C1399: Male | D1399: FTE | E1399: 46254 | F1399: Chennai | G1399: CS26CS011 | H1399: Kishorekumar P | I1399: 46343 | J1399: In-Training | K1399: Nov 2026
A1400: 2531832 | B1400: Lokesh Rajmal Thakare | C1400: Male | D1400: FTE | E1400: 46254 | F1400: Chennai | G1400: CS26CS012 | H1400: Laksiya Vijayendran | I1400: 46343 | J1400: In-Training | K1400: Nov 2026
A1401: 2531833 | B1401: Rohan Kumar Sharma | C1401: Male | D1401: FTE | E1401: 46254 | F1401: Chennai | G1401: CS26CS012 | H1401: Laksiya Vijayendran | I1401: 46343 | J1401: In-Training | K1401: Nov 2026
A1402: 2531834 | B1402: Prasanth LNU | C1402: Male | D1402: FTE | E1402: 46254 | F1402: Chennai | G1402: CS26CS011 | H1402: Kishorekumar P | I1402: 46343 | J1402: In-Training | K1402: Nov 2026
... A1414: 2531846 | B1414: Siddhesh Prasad Chauk | C1414: Male | D1414: FTE | E1414: 46254 | F1414: Chennai | G1414: CS26CS011 | H1414: Kishorekumar P | I1414: 46343 | J1414: In-Training | K1414: Nov 2026
A1415: 2531847 | B1415: Sobanapriya S | C1415: Female | D1415: FTE | E1415: 46254 | F1415: Chennai | G1415: EPS26OSP011 | H1415: Gayathri Ramachandran | J1415: Training - ON Hold
A1416: 2531848 | B1416: Jathin Kumar Sahu | C1416: Male | D1416: FTE | E1416: 46254 | F1416: Chennai | G1416: CS26CS012 | H1416: Laksiya Vijayendran | I1416: 46343 | J1416: In-Training | K1416: Nov 2026
A1417: 2531849 | B1417: Omkar Navnath Bhagat | C1417: Male | D1417: FTE | E1417: 46254 | F1417: Chennai | G1417: CS26CS012 | H1417: Laksiya Vijayendran | I1417: 46343 | J1417: In-Training | K1417: Nov 2026
A1418: 2531850 | B1418: Parella Ganesh | C1418: Male | D1418: FTE | E1418: 46254 | F1418: Chennai | G1418: CS26CS012 | H1418: Laksiya Vijayendran | I1418: 46343 | J1418: In-Training | K1418: Nov 2026
A1419: 2531851 | B1419: Achintya Manoj Warrier | C1419: Male | D1419: FTE | E1419: 46254 | F1419: Chennai | G1419: CS26CS011 | H1419: Kishorekumar P | I1419: 46343 | J1419: In-Training | K1419: Nov 2026
A1420: 2531852 | B1420: Shreyas Shidgonda Patil | C1420: Male | D1420: FTE | E1420: 46254 | F1420: Chennai | G1420: CS26CS011 | H1420: Kishorekumar P | I1420: 46343 | J1420: In-Training | K1420: Nov 2026
A1421: 2531853 | B1421: Saurabh Jaiswal | C1421: Male | D1421: FTE | E1421: 46254 | F1421: Chennai | G1421: CS26CS011 | H1421: Kishorekumar P | I1421: 46343 | J1421: In-Training | K1421: Nov 2026
A1422: 2531854 | B1422: Daksina Veera Rohit Muthukumar | C1422: Male | D1422: FTE | E1422: 46254 | F1422: Chennai | G1422: EPS26OSP011 | H1422: Gayathri Ramachandran | J1422: Training - ON Hold
A1423: 2531855 | B1423: Adithya N | C1423: Male | D1423: FTE | E1423: 46254 | F1423: Chennai | G1423: CS26CS012 | H1423: Laksiya Vijayendran | I1423: 46343 | J1423: In-Training | K1423: Nov 2026
A1424: 2531856 | B1424: Yudhister Singh | C1424: Male | D1424: FTE | E1424: 46254 | F1424: Chennai | G1424: CS26CS011 | H1424: Kishorekumar P | I1424: 46343 | J1424: In-Training | K1424: Nov 2026
A1425: 2531857 | B1425: Mahesh K | C1425: Male | D1425: FTE | E1425: 46254 | F1425: Chennai | G1425: EPS26OSP011 | H1425: Gayathri Ramachandran | J1425: Training - ON Hold
A1426: 2531858 | B1426: Naveen Kumar Marada | C1426: Male | D1426: FTE | E1426: 46254 | F1426: Chennai | G1426: CS26CS012 | H1426: Laksiya Vijayendran | I1426: 46343 | J1426: In-Training | K1426: Nov 2026
A1427: 2531859 | B1427: Bitla Nithish | C1427: Male | D1427: FTE | E1427: 46254 | F1427: Chennai | G1427: CS26CS012 | H1427: Laksiya Vijayendran | I1427: 46343 | J1427: In-Training | K1427: Nov 2026
A1428: 2531860 | B1428: S P Divyanka | C1428: Female | D1428: FTE | E1428: 46254 | F1428: Chennai | G1428: CS26CS011 | H1428: Kishorekumar P | I1428: 46343 | J1428: In-Training | K1428: Nov 2026
A1429: 2531861 | B1429: Manav Kumar | C1429: Male | D1429: FTE | E1429: 46254 | F1429: Chennai | G1429: CS26CS012 | H1429: Laksiya Vijayendran | I1429: 46343 | J1429: In-Training | K1429: Nov 2026
A1430: 2531862 | B1430: S A Sangavi | C1430: Female | D1430: FTE | E1430: 46254 | F1430: Chennai | G1430: CS26CS011 | H1430: Kishorekumar P | I1430: 46343 | J1430: In-Training | K1430: Nov 2026
A1431: 2531863 | B1431: Lakshmiprabha Kamaraj | C1431: Female | D1431: FTE | E1431: 46254 | F1431: Chennai | G1431: CS26CS012 | H1431: Laksiya Vijayendran | I1431: 46343 | J1431: In-Training | K1431: Nov 2026
A1432: 2531864 | B1432: Kishor D | C1432: Male | D1432: FTE | E1432: 46254 | F1432: Chennai | G1432: CS26CS012 | H1432: Laksiya Vijayendran | I1432: 46343 | J1432: In-Training | K1432: Nov 2026
A1433: 2531865 | B1433: S Soundarajan | C1433: Male | D1433: FTE | E1433: 46254 | F1433: Chennai | G1433: EPS26OSP011 | H1433: Gayathri Ramachandran | J1433: Training - ON Hold
A1434: 2531866 | B1434: M Madhan | C1434: Male | D1434: FTE | E1434: 46254 | F1434: Chennai | G1434: CS26CS011 | H1434: Kishorekumar P | I1434: 46343 | J1434: In-Training | K1434: Nov 2026
A1435: 2531867 | B1435: Raghav Chopra | C1435: Male | D1435: FTE | E1435: 46254 | F1435: Chennai | G1435: CS26CS011 | H1435: Kishorekumar P | I1435: 46343 | J1435: In-Training | K1435: Nov 2026
A1436: 2531951 | B1436: Parthiv Reddy Pelluru | C1436: Male | D1436: FTE | E1436: 46254 | F1436: Chennai | G1436: FE26FE001 | H1436: Grace Esther S | I1436: 46310 | J1436: In-Training | K1436: Oct 2026
A1437: 2531953 | B1437: Tanushree R G | C1437: Female | D1437: FTE | E1437: 46254 | F1437: Chennai | G1437: EPS26OSP011 | H1437: Gayathri Ramachandran | J1437: Training - ON Hold
A1438: 2531954 | B1438: Ambapali Datta | C1438: Female | D1438: FTE | E1438: 46254 | F1438: Chennai | G1438: CS26CS011 | H1438: Kishorekumar P | I1438: 46343 | J1438: In-Training | K1438: Nov 2026
A1439: 2531955 | B1439: Hemnaveetha C E | C1439: Female | D1439: FTE | E1439: 46254 | F1439: Chennai | G1439: CS26CS011 | H1439: Kishorekumar P | I1439: 46343 | J1439: In-Training | K1439: Nov 2026
A1440: 2531956 | B1440: Dharshini R | C1440: Female | D1440: FTE | E1440: 46254 | F1440: Chennai | G1440: EPS26OSP011 | H1440: Gayathri Ramachandran | J1440: Training - ON Hold
A1441: 2531958 | B1441: Shanthini Shameer | C1441: Female | D1441: FTE | E1441: 46254 | F1441: Chennai | G1441: EPS26OSP011 | H1441: Gayathri Ramachandran | J1441: Training - ON Hold
A1442: 2531959 | B1442: Durga R | C1442: Female | D1442: FTE | E1442: 46254 | F1442: Chennai | G1442: EPS26OSP011 | H1442: Gayathri Ramachandran | J1442: Training - ON Hold
A1443: 2531960 | B1443: Vaibhav Gorana | C1443: Male | D1443: FTE | E1443: 46254 | F1443: Chennai | G1443: CS26CS011 | H1443: Kishorekumar P | I1443: 46343 | J1443: In-Training | K1443: Nov 2026
A1444: 2531961 | B1444: Sai Suryaa Narayan A M | C1444: Male | D1444: FTE | E1444: 46254 | F1444: Chennai | G1444: EPS26OSP011 | H1444: Gayathri Ramachandran | J1444: Training - ON Hold
A1445: 2531962 | B1445: Niranjana Priya Selvakumar | C1445: Female | D1445: FTE | E1445: 46254 | F1445: Chennai | G1445: EPS26OSP011 | H1445: Gayathri Ramachandran | J1445: Training - ON Hold
A1446: 2531963 | B1446: Varshni N | C1446: Female | D1446: FTE | E1446: 46254 | F1446: Chennai | G1446: CS26CS012 | H1446: Laksiya Vijayendran | I1446: 46343 | J1446: In-Training | K1446: Nov 2026
A1447: 2531964 | B1447: Kudiguntolu Bhavani | C1447: Female | D1447: FTE | E1447: 46254 | F1447: Chennai | G1447: CS26CS011 | H1447: Kishorekumar P | I1447: 46343 | J1447: In-Training | K1447: Nov 2026
A1448: 2531965 | B1448: Chandu Tangella | C1448: Male | D1448: FTE | E1448: 46254 | F1448: Chennai | G1448: CS26CS012 | H1448: Laksiya Vijayendran | I1448: 46343 | J1448: In-Training | K1448: Nov 2026
A1449: 2531966 | B1449: Aasritha Devi Vuddanti | C1449: Female | D1449: FTE | E1449: 46254 | F1449: Chennai | G1449: CS26CS012 | H1449: Laksiya Vijayendran | I1449: 46343 | J1449: In-Training | K1449: Nov 2026
A1450: 2531967 | B1450: Swarnadeepika S | C1450: Female | D1450: FTE | E1450: 46254 | F1450: Chennai | G1450: EPS26OSP011 | H1450: Gayathri Ramachandran | J1450: Training - ON Hold
A1451: 2531968 | B1451: Cherie Josephine A | C1451: Female | D1451: FTE | E1451: 46254 | F1451: Chennai | G1451: EPS26OSP011 | H1451: Gayathri Ramachandran | J1451: Training - ON Hold
A1452: 2531969 | B1452: Karthika Vijayakumar | C1452: Female | D1452: FTE | E1452: 46254 | F1452: Chennai | G1452: EPS26OSP011 | H1452: Gayathri Ramachandran | J1452: Training - ON Hold
A1453: 2531970 | B1453: MD Tabrez Shamim | C1453: Male | D1453: FTE | E1453: 46254 | F1453: Chennai | G1453: CS26CS011 | H1453: Kishorekumar P | I1453: 46343 | J1453: In-Training | K1453: Nov 2026
A1454: 2531971 | B1454: Shriya Ramachandran | C1454: Female | D1454: FTE | E1454: 46254 | F1454: Chennai | G1454: EPS26OSP011 | H1454: Gayathri Ramachandran | J1454: Training - ON Hold
...

Sheet FE
A1: ID | B1: Name | C1: Grade | D1: Location | E1: Supervisor
A2: 2379473 | B2: Suguna Devi Murugan | C2: M | D2: CHN | E2: Dona
A3: 2379472 | B3: Murugan B | C3: M | D3: CHN | E3: Riyaz
A4: 234768 | B4: Balachandar Ganesan | C4: AD | D4: CHN | E4: Sakthi
A5: 124128 | B5: Vidhya Prabha Rajagopal | C5: AD | D5: CHN | E5: Bala
A6: 321958 | B6: Kamlesh Anandaraman | C6: SM | D6: CHN | E6: Bala
A7: 124963 | B7: Maheswaran Shanmugasundaram | C7: SM | D7: CHN | E7: Naresh
A8: 408035 | B8: Youvaraja Sundararaman | C8: M | D8: CHN | E8: Naresh
A9: 241546 | B9: Gokul K | C9: SM | D9: CHN | E9: Bala
A10: 932892 | B10: John Wesley A | C10: A | D10: CHN | E10: Bala
A11: 2452936 | B11: Gyanendra Singh Yadav | C11: M | D11: CHN | E11: Naresh

Sheet Ext trainers
A1: Vendor Name | B1: Trainer Name | C1: Trainer ID | D1: Track | E1: RTO Location | F1: Status
A2: SHRD | B2: Madhusudhan | C2: 2379474 | D2: BH | E2: Chennai | F2: Active
A3: Essential 5 | B3: Krishnaveni | C3: 2366145 | D3: BH | E3: Chennai | F3: Active
A4: Arich | B4: Sasikala jayaprakash | C4: 2391114 | D4: Tech | E4: Chennai | F4: Active
A5: SHRD | B5: Lakshmi priya | C5: 2407801 | D5: BH | E5: Chennai | F5: Active
A6: Arich | B6: Alwyn | C6: 2373936 | D6: Tech | E6: Chennai | F6: Active
A7: NIIT | B7: Satiya Anand | C7: 2443721 | D7: BH | E7: Chennai | F7: Active
A8: Mazenet | B8: Sweta | C8: 2443720 | D8: BH | E8: Chennai | F8: Active
A9: Mazenet | B9: Lavanya | C9: 2454611 | D9: BH | E9: Chennai | F9: Active
A10: Arich | B10: Vijayabharathi | C10: 2403323 | D10: Tech | E10: Chennai | F10: Active
A11: NIIT | B11: Mangayarkarasi Subbu | C11: 2375877 | D11: Tech | E11: Chennai | F11: Active
A12: Arich | B12: Annamalai Annadurai | C12: 2384788 | D12: Tech | E12: Chennai | F12: Active
A13: NIIT | B13: Junnaid | C13: 2391112 | D13: Tech | E13: Chennai | F13: Active
... A27: Bcloud | B27: Ashray | C27: 2486539 | D27: Tech | E27: Chennai | F27: Active
A28: NIIT | B28: Priyadharshini | D28: Tech | E28: Chennai | F28: Active
A29: Mazenet | B29: Seshamalini | D29: BH | E29: Chennai | F29: Active
A30: NIIT | B30: Srinivasa Rao | C30: 2373180 | D30: Tech | E30: Chennai | F30: Active
A31: Alchemy | B31: Suresh | C31: 2480982 | D31: Tech | E31: Chennai | F31: Active
A32: Mazenet | B32: Naveen | C32: 2483670 | D32: Tech | E32: Chennai | F32: Active
A33: NIIT | B33: Amey Tambe | C33: 2382429 | D33: Tech | E33: Chennai | F33: Active
A34: NIIT | B34: Rajeev | D34: Tech | E34: Chennai | F34: Active

Sheet Coaches
A1: Employee ID | B1: Name | C1: DOJ | D1: Gender | E1: Location | F1: Reporting from | G1: PG Name | H1: Floor | I1: Relatives in Chennai | J1: Nearby location to board if in case any Emergency: | K1: Grouping | L1: Zone
A2: 888093 | B2: Harismitha Srinivasan | F2: =VLOOKUP(A2,Response!$A:$M,7,FALSE) -> Rented House/Apartment | G2: =VLOOKUP(A2,Response!$A:$M,8,FALSE) -> Rise apartments by civil cares, BBRoad, Chennai - 600011 | H2: =VLOOKUP(A2,Response!$A:$M,9,FALSE) -> Rise apartments by civil cares, BBRoad, Chennai - 600011 | I2: =VLOOKUP(A2,Response!$A:$M,12,FALSE) -> Yes | J2: =VLOOKUP(A2,Response!$A:$M,11,FALSE) -> Perambur bus depot
A3: 2322732 | B3: Vignesh S | F3: =VLOOKUP(A3,Response!$A:$M,7,FALSE) -> Rented House/Apartment | G3: =VLOOKUP(A3,Response!$A:$M,8,FALSE) -> AR Lotus Apartment | H3: =VLOOKUP(A3,Response!$A:$M,9,FALSE) -> 1069, A1, 10th main road ram nagar, south madipakkam, Chennai -600091 | I3: =VLOOKUP(A3,Response!$A:$M,12,FALSE) -> Yes | J3: =VLOOKUP(A3,Response!$A:$M,11,FALSE) -> Velacherry
A4: 2315792 | B4: Adarsh J Nair | F4: =VLOOKUP(A4,Response!$A:$M,7,FALSE) -> Permanent Residence (House/Home) | G4: =VLOOKUP(A4,Response!$A:$M,8,FALSE) -> 2/55. Thiruvalluvar street , Navalur | H4: =VLOOKUP(A4,Response!$A:$M,9,FALSE) -> 2/55. Thiruvalluvar street , Navalur , 600130 | I4: =VLOOKUP(A4,Response!$A:$M,12,FALSE) -> No | J4: =VLOOKUP(A4,Response!$A:$M,11,FALSE) -> Navalur
A5: 589960 | B5: Mano Princy J | F5: =VLOOKUP(A5,Response!$A:$M,7,FALSE) -> Rented House/Apartment | G5: =VLOOKUP(A5,Response!$A:$M,8,FALSE) -> Grand celestia Apartments | H5: =VLOOKUP(A5,Response!$A:$M,9,FALSE) -> S2, Second floor, E-block, Grand Celestia apartments, Susheela Nagar, Kelambakkam, Chennai -603103. | I5: =VLOOKUP(A5,Response!$A:$M,12,FALSE) -> No | J5: =VLOOKUP(A5,Response!$A:$M,11,FALSE) -> Padur
A6: 2325232 | B6: Kayalvizhi R | F6: =VLOOKUP(A6,Response!$A:$M,7,FALSE) -> PG (Paying Guest) | G6: =VLOOKUP(A6,Response!$A:$M,8,FALSE) -> MSR Luxury Pg for ladies - Branch 1 | H6: =VLOOKUP(A6,Response!$A:$M,9,FALSE) -> Gangai Amman Kovil Street, Egattur, Siruseri, Tamil Nadu - 603103 | I6: =VLOOKUP(A6,Response!$A:$M,12,FALSE) -> No | J6: =VLOOKUP(A6,Response!$A:$M,11,FALSE) -> Siruseri
A7: 896245 | B7: Grace Esther S | F7: =VLOOKUP(A7,Response!$A:$M,7,FALSE) -> Rented House/Apartment | G7: =VLOOKUP(A7,Response!$A:$M,8,FALSE) -> Shri Shiv Shiva Abode ,Kazhipattur | H7: =VLOOKUP(A7,Response!$A:$M,9,FALSE) -> T3,Shri Shiv Shiva Abode,Kazhipattur Joint Road,Kazhipattur ,Chennai -603103 | I7: =VLOOKUP(A7,Response!$A:$M,12,FALSE) -> No | J7: =VLOOKUP(A7,Response!$A:$M,11,FALSE) -> Padur
A8: 385960 | B8: Esther Durand | F8: =VLOOKUP(A8,Response!$A:$M,7,FALSE) -> #N/A | G8: =VLOOKUP(A8,Response!$A:$M,8,FALSE) -> #N/A | H8: =VLOOKUP(A8,Response!$A:$M,9,FALSE) -> #N/A | I8: =VLOOKUP(A8,Response!$A:$M,12,FALSE) -> #N/A | J8: =VLOOKUP(A8,Response!$A:$M,11,FALSE) -> #N/A
A9: 2329656 | B9: Vishnupriya Dakshnamurthy | F9: =VLOOKUP(A9,Response!$A:$M,7,FALSE) -> Rented House/Apartment | G9: =VLOOKUP(A9,Response!$A:$M,8,FALSE) -> Casagrand Supremus, Thalambur | H9: =VLOOKUP(A9,Response!$A:$M,9,FALSE) -> Block A2, Flat number 304, Casagrand Supremus, Thalambur | I9: =VLOOKUP(A9,Response!$A:$M,12,FALSE) -> Yes | J9: =VLOOKUP(A9,Response!$A:$M,11,FALSE) -> Thalambur
A10: 2017061 | B10: Maisie Fernando | F10: =VLOOKUP(A10,Response!$A:$M,7,FALSE) -> #N/A | G10: =VLOOKUP(A10,Response!$A:$M,8,FALSE) -> #N/A | H10: =VLOOKUP(A10,Response!$A:$M,9,FALSE) -> #N/A | I10: =VLOOKUP(A10,Response!$A:$M,12,FALSE) -> #N/A | J10: =VLOOKUP(A10,Response!$A:$M,11,FALSE) -> #N/A
A11: 2445499 | B11: Kishorekumar P | F11: =VLOOKUP(A11,Response!$A:$M,7,FALSE) -> PG (Paying Guest) | G11: =VLOOKUP(A11,Response!$A:$M,8,FALSE) -> Pasanga Paradise PG - Branch 2, Navalur | H11: =VLOOKUP(A11,Response!$A:$M,9,FALSE) -> Pasanga Paradise PG Navalur Gowri Thangaraj Street, Thiruporur, Tamil Nadu 600130 | I11: =VLOOKUP(A11,Response!$A:$M,12,FALSE) -> No | J11: =VLOOKUP(A11,Response!$A:$M,11,FALSE) -> Navalur
A12: 2433149 | B12: Sweta Thoppil | F12: =VLOOKUP(A12,Response!$A:$M,7,FALSE) -> Permanent Residence (House/Home) | G12: =VLOOKUP(A12,Response!$A:$M,8,FALSE) -> B-25, 2 Floor, Nest Mojo Apartments, Modern Layout - 2 Main Road, Padur, Chennai, Tamil Nadu - 603103 | H12: =VLOOKUP(A12,Response!$A:$M,9,FALSE) -> B-25, 2 Floor, Nest Mojo Apartments, Modern Layout - 2 Main Road, Padur, Chennai, Tamil Nadu - 603103 | I12: =VLOOKUP(A12,Response!$A:$M,12,FALSE) -> Yes | J12: =VLOOKUP(A12,Response!$A:$M,11,FALSE) -> Padur
A13: 2136186 | B13: Logapriya R | F13: =VLOOKUP(A13,Response!$A:$M,7,FALSE) -> PG (Paying Guest) | G13: =VLOOKUP(A13,Response!$A:$M,8,FALSE) -> Smiles Inn pg services for ladies | H13: =VLOOKUP(A13,Response!$A:$M,9,FALSE) -> Near SIPCOT IT Park, OMR, Rajiv Gandhi Salai, Opposite to Marina Mall, Navalur, Landmark:-Behind Tongue Multi Cuisine Restaurant, Egattur, Chennai, Tamil Nadu 600130 | I13: =VLOOKUP(A13,Response!$A:$M,12,FALSE) -> Yes | J13: =VLOOKUP(A13,Response!$A:$M,11,FALSE) -> Egattur
... A43: 255871 | B43: Arimbur Devassy, Saji | F43: =VLOOKUP(A43,Response!$A:$M,7,FALSE) -> #N/A | G43: =VLOOKUP(A43,Response!$A:$M,8,FALSE) -> #N/A | H43: =VLOOKUP(A43,Response!$A:$M,9,FALSE) -> #N/A | I43: =VLOOKUP(A43,Response!$A:$M,12,FALSE) -> #N/A | J43: =VLOOKUP(A43,Response!$A:$M,11,FALSE) -> #N/A
